group_id,language,level,group_number,word1,definition1,type1,word2,definition2,type2,word3,definition3,type3,word4,definition4,type4,word5,definition5,type5,word6,definition6,type6,word7,definition7,type7,word8,definition8,type8,scene,image
600,testing,1,1,agua,water,Good,hotel,"hotel, hotels",Good,maleta,suitcase,Good,manzana,"apple, block",Good,azúcar,sugar,Bad,baño,bathroom,Bad,dinero,money,Bad,tomate,tomato,Bad,"A sunny hotel resort by the ocean, where a red suitcase sits on a deck beside a pool, a large shiny apple rests on the suitcase, and the word �water� is written in big blue letters on a lifebuoy floating in the pool � bright, cheerful, tropical vacation scene.", C:\Users\Yonatan\Desktop\Semester2\IdeaToReality\DuDuolingo\data\images\testing-1-1.png 
601,testing,1,2,ensalada,salad,Good,pescado,fish,Good,boleto,ticket,Good,hospital,"hospital, hospitals",Good,agua,water,Bad,hotel,"hotel, hotels",Bad,maleta,suitcase,Bad,manzana,"apple, block",Bad,"Inside a futuristic hospital cafeteria, a tray holds a fresh salad and a cooked fish, while a glowing sign on the wall reads �Ticket Counter� above a machine printing hospital meal tickets � clean, sterile, modern setting with all items clearly labeled.",C:\Users\Yonatan\Desktop\Semester2\IdeaToReality\DuDuolingo\data\images\testing-1-2.png
602,testing,1,3,carne,"meat, pork, beef",Good,leche,milk,Good,pasaporte,passport,Good,taxi,"taxi, cab",Good,ensalada,salad,Bad,pescado,fish,Bad,boleto,ticket,Bad,hospital,"hospital, hospitals",Bad,"A busy airport street with a yellow taxi parked next to a food cart serving grilled meat and a tall glass of milk, while a giant passport lies open on a bench nearby, with the words �meat�, �milk�, and �passport� clearly printed on signs and labels � energetic and realistic.",C:\Users\Yonatan\Desktop\Semester2\IdeaToReality\DuDuolingo\data\images\testing-1-3.png
603,testing,1,4,niña,"girl, child, daughter",Good,mujer,"woman, wife, lady",Good,vaso,glass,Good,personas,people,Good,carne,"meat, pork, beef",Bad,leche,milk,Bad,pasaporte,passport,Bad,taxi,"taxi, cab",Bad,"A lively park full of people enjoying a picnic, where a smiling woman and a little girl clink two sparkling glasses of juice, surrounded by diverse people chatting, dancing, and holding balloons, with �girl� and �woman� tags clearly visible on their shirts � joyful, clear, and festive.",C:\Users\Yonatan\Desktop\Semester2\IdeaToReality\DuDuolingo\data\images\testing-1-4.png
604,testing,1,5,azúcar,sugar,Good,baño,bathroom,Good,dinero,money,Good,tomate,tomato,Good,niña,"girl, child, daughter",Bad,mujer,"woman, wife, lady",Bad,vaso,glass,Bad,personas,people,Bad,"A surreal bathroom made of red tiles shaped like tomatoes, where a sink overflows with sugar cubes, a clear jar labeled �money� sits on the counter full of coins, and a mirror has the word �Bathroom� written on it in frosty letters � playful, surreal, and imaginative.",C:\Users\Yonatan\Desktop\Semester2\IdeaToReality\DuDuolingo\data\images\testing-1-5.png
1,Spanish,1,1,agua,water,Good,hotel,"hotel, hotels",Good,la,"the, your, her",Good,sí,"yes, yourself",Good,ella,"she, her, she'll",Bad,adiós,goodbye,Bad,eres,"you're, aren't being, (?) are you",Bad,buenos días,good morning,Bad,"A gigantic floating “YES”-shaped hotel made of crystal-clear water drifts above a glowing lagoon; on its balcony, a smiling woman in a sailor dress holds up a vintage sign that reads “THE HOTEL IS YOURS” while hugging a tiny version of herself, and on her arm glows a tattoo that says “HERSELF,” all under a sky painted with watercolor clouds spelling out “YOURSELF” in cursive.",
2,Spanish,1,2,taxi,"taxi, cab",Good,español,"Spanish, Spaniard, Spanish man",Good,de nada,"you're welcome, you are welcome",Good,yo,"I, me",Good,gracias,"thanks, thank you, party piece",Bad,él,"he, him, it",Bad,niña,"girl, child, daughter",Bad,mujer,"woman, wife, lady",Bad,"Bright Madrid street at golden hour, a cheerful Spanish man in a red bow-tie tips his cap beside a yellow taxi; the cab’s doors are painted with comic-style speech bubbles reading “You’re Welcome!” and “I / Me / You Are Welcome” in bold Spanish lettering, while a nearby flamenco poster shouts “¡De Nada!” and a playful Spaniard mural winks from the wall, all in vibrant, whimsical cartoon-realism.",
3,Spanish,1,3,teléfono,phone,Good,es,"is, are you, it's",Good,mucho gusto,"nice to meet you, so nice to meet you",Good,come,"(it) eats, (?) do you eat, (she) eats",Good,lo siento,"sorry, I am sorry",Bad,inglés,"English, British, Englishman",Bad,hablo,"(I) am talking, speak, talking",Bad,bebo,"(I) drink, (I) am drinking, drink",Bad,"A bright cartoon street-food market at golden hour where a cheerful giant phone-shaped food cart (with the screen showing a looping video of a smiling anime girl) greets a tiny chibi cat customer, the cart wearing a bow-tie that has “SO NICE TO MEET YOU!” embroidered on it while a neon speech-bubble sign above reads “IT'S NICE TO MEET YOU” and a poster on the cart says “ARE YOU… DO YOU EAT?”, the cat holding a tiny menu whose cover shows “IT EATS” above a drawing of a robot devouring sushi, and on the next page “(?) DO YOU EAT” with a checkbox, while a friendly robot waitress (with a tag that simply states",
4,Spanish,1,4,pan,"bread, bar, cake",Good,necesito,"need, (I) need, (?) do I need",Good,tú,"you, you'll",Good,soy,"I am, am",Good,una,"a, an, one",Bad,hablas,"(?) do you speak, speak, talking",Bad,comes,"ate, (you) are eating, (?) do you eat",Bad,en,in,Bad,"A neon-lit retro bar shaped like a giant loaf of golden bread, inside a smiling cartoon me in a chef’s hat sits at the counter holding a slice of question-mark-shaped cake that reads “(?) do I need,” while a glowing sign above flashes “I need” in candy-pink letters, a chalkboard menu lists “you’ll love the am special,” and across the mirrored wall the reflection shows the phrase “I am” and “you” written in frosting on cocktail glasses, all under warm fairy lights and playful sparkles -- whimsical, vibrant, illustration style.",
5,Spanish,1,5,niño,"boy, child, kid",Good,maleta,suitcase,Good,perdón,"sorry, excuse me, pardon",Good,por favor,please,Good,buenas noches,"good night, good evening",Bad,un,"a, an, one",Bad,bebes,"(?) do you drink, (you) drink, drink",Bad,mi,my,Bad,"A smiling cartoon boy in dungarees wheels a bright red suitcase along a rainbow-striped airport floor, stopping to hand a hand-written note that reads “sorry excuse me pardon please” to a surprised little kid in a pilot’s cap, while the words “are you’re his” float as playful cloud-shaped balloons overhead, golden-hour lighting, storybook style --v 5 --ar 3:2",
6,Spanish,1,6,como,"(I) eat, (I) am eating, like",Good,no,"do not, wasn't, n't",Good,disculpe,"excuse me, excuse!, (I/he/she/it/you) excuse",Good,hombre,"man, bloke, guy",Good,hola,"hello, hi",Bad,bebe,"(he) is drinking, (you) are drinking, (he) drinks",Bad,manzana,"apple, block",Bad,el,"the, your, her",Bad,,
7,Spanish,1,7,leche,milk,Good,pasaporte,passport,Good,agua,water,Good,hotel,"hotel, hotels",Good,la,"the, your, her",Bad,sí,"yes, yourself",Bad,ella,"she, her, she'll",Bad,adiós,goodbye,Bad,,
8,Spanish,1,8,eres,"you're, aren't being, (?) are you",Good,buenos días,good morning,Good,taxi,"taxi, cab",Good,español,"Spanish, Spaniard, Spanish man",Good,de nada,"you're welcome, you are welcome",Bad,yo,"I, me",Bad,gracias,"thanks, thank you, party piece",Bad,él,"he, him, it",Bad,,
9,Spanish,1,9,niña,"girl, child, daughter",Good,mujer,"woman, wife, lady",Good,teléfono,phone,Good,es,"is, are you, it's",Good,mucho gusto,"nice to meet you, so nice to meet you",Bad,come,"(it) eats, (?) do you eat, (she) eats",Bad,lo siento,"sorry, I am sorry",Bad,inglés,"English, British, Englishman",Bad,"A vibrant cartoon-style park where a grown-up “girl” who is now a joyful wife and woman lifts her giggling daughter high on a swing shaped like a pink retro phone; nearby a chalkboard sign reads “IT’S” in rainbow letters, a lady in a flowery dress holds up a speech-bubble placard asking “ARE YOU?” as a playful child points to a book on a picnic blanket open to the page “IS” while a little puppy with a heart-shaped tag that says “PHONE” trots by, all under a clear summer sky.",
10,Spanish,1,10,hablo,"(I) am talking, speak, talking",Good,bebo,"(I) drink, (I) am drinking, drink",Good,pan,"bread, bar, cake",Good,necesito,"need, (I) need, (?) do I need",Good,tú,"you, you'll",Bad,soy,"I am, am",Bad,una,"a, an, one",Bad,hablas,"(?) do you speak, speak, talking",Bad,,
11,Spanish,1,11,comes,"ate, (you) are eating, (?) do you eat",Good,en,in,Good,niño,"boy, child, kid",Good,maleta,suitcase,Good,perdón,"sorry, excuse me, pardon",Bad,por favor,please,Bad,buenas noches,"good night, good evening",Bad,un,"a, an, one",Bad,,
12,Spanish,1,12,bebes,"(?) do you drink, (you) drink, drink",Good,mi,my,Good,como,"(I) eat, (I) am eating, like",Good,no,"do not, wasn't, n't",Good,disculpe,"excuse me, excuse!, (I/he/she/it/you) excuse",Bad,hombre,"man, bloke, guy",Bad,hola,"hello, hi",Bad,bebe,"(he) is drinking, (you) are drinking, (he) drinks",Bad,,
13,Spanish,1,13,manzana,"apple, block",Good,el,"the, your, her",Good,leche,milk,Good,pasaporte,passport,Good,agua,water,Bad,hotel,"hotel, hotels",Bad,la,"the, your, her",Bad,sí,"yes, yourself",Bad,,
14,Spanish,1,14,ella,"she, her, she'll",Good,adiós,goodbye,Good,eres,"you're, aren't being, (?) are you",Good,buenos días,good morning,Good,taxi,"taxi, cab",Bad,español,"Spanish, Spaniard, Spanish man",Bad,de nada,"you're welcome, you are welcome",Bad,yo,"I, me",Bad,,
15,Spanish,1,15,gracias,"thanks, thank you, party piece",Good,él,"he, him, it",Good,niña,"girl, child, daughter",Good,mujer,"woman, wife, lady",Good,teléfono,phone,Bad,es,"is, are you, it's",Bad,mucho gusto,"nice to meet you, so nice to meet you",Bad,come,"(it) eats, (?) do you eat, (she) eats",Bad,,
16,Spanish,2,1,pagar,to pay,Good,ensalada,salad,Good,pescado,fish,Good,boleto,ticket,Good,hospital,"hospital, hospitals",Bad,café,coffee,Bad,taza,"cup, mug",Bad,hamburguesa,"burger, hamburger",Bad,,
17,Spanish,2,2,tengo,"I've got, is there, I'm having",Good,carne,"meat, pork, beef",Good,para,for,Good,banco,"bank, banks",Good,inteligente,intelligent,Bad,uno,one,Bad,restaurante,restaurant,Bad,dos,two,Bad,,
18,Spanish,2,3,azúcar,sugar,Good,baño,bathroom,Good,o,or,Good,está,it is,Good,a,"to, with, away",Bad,mesa,table,Bad,reserva,reservation,Bad,calle,street,Bad,,
19,Spanish,2,4,vaso,glass,Good,personas,people,Good,tu,your,Good,sándwich,"sandwich, sandwiches",Good,de,"with, made of, off",Bad,cuenta,check,Bad,tiene,"is, makes, (?) does it have",Bad,cerrado,closed,Bad,,
20,Spanish,2,5,dinero,money,Good,tomate,tomato,Good,con,with,Good,tres,three,Good,aquí,here,Bad,autobús,bus,Bad,dónde,where,Bad,quiero,"(I) love, (I) want, want",Bad,,
21,Spanish,2,6,sin,"absent, without, with no",Good,queso,cheese,Good,naranja,orange,Good,sal,salt,Good,madre,mother,Bad,supermercado,supermarket,Bad,tren,train,Bad,museo,"museum, museums",Bad,,
22,Spanish,2,7,aeropuerto,airport,Good,jugo,juice,Good,pagar,to pay,Good,ensalada,salad,Good,pescado,fish,Bad,boleto,ticket,Bad,hospital,"hospital, hospitals",Bad,café,coffee,Bad,,
23,Spanish,2,8,taza,"cup, mug",Good,hamburguesa,"burger, hamburger",Good,tengo,"I've got, is there, I'm having",Good,carne,"meat, pork, beef",Good,para,for,Bad,banco,"bank, banks",Bad,inteligente,intelligent,Bad,uno,one,Bad,,
24,Spanish,2,9,restaurante,restaurant,Good,dos,two,Good,azúcar,sugar,Good,baño,bathroom,Good,o,or,Bad,está,it is,Bad,a,"to, with, away",Bad,mesa,table,Bad,,
25,Spanish,2,10,reserva,reservation,Good,calle,street,Good,vaso,glass,Good,personas,people,Good,tu,your,Bad,sándwich,"sandwich, sandwiches",Bad,de,"with, made of, off",Bad,cuenta,check,Bad,,
26,Spanish,2,11,tiene,"is, makes, (?) does it have",Good,cerrado,closed,Good,dinero,money,Good,tomate,tomato,Good,con,with,Bad,tres,three,Bad,aquí,here,Bad,autobús,bus,Bad,,
27,Spanish,2,12,dónde,where,Good,quiero,"(I) love, (I) want, want",Good,sin,"absent, without, with no",Good,queso,cheese,Good,naranja,orange,Bad,sal,salt,Bad,madre,mother,Bad,supermercado,supermarket,Bad,,
28,Spanish,2,13,tren,train,Good,museo,"museum, museums",Good,aeropuerto,airport,Good,jugo,juice,Good,pagar,to pay,Bad,ensalada,salad,Bad,pescado,fish,Bad,boleto,ticket,Bad,,
29,Spanish,2,14,hospital,"hospital, hospitals",Good,café,coffee,Good,taza,"cup, mug",Good,hamburguesa,"burger, hamburger",Good,tengo,"I've got, is there, I'm having",Bad,carne,"meat, pork, beef",Bad,para,for,Bad,banco,"bank, banks",Bad,,
30,Spanish,2,15,inteligente,intelligent,Good,uno,one,Good,restaurante,restaurant,Good,dos,two,Good,azúcar,sugar,Bad,baño,bathroom,Bad,o,or,Bad,está,it is,Bad,,
31,Spanish,3,1,apartamento,apartment,Good,reloj,"watch, clock",Good,abrigo,coat,Good,verde,green,Good,tienda,store,Bad,y,and,Bad,chaqueta,jacket,Bad,diferente,different,Bad,,
32,Spanish,3,2,camiseta,T-shirt,Good,cinturón,belt,Good,ese,that,Good,perfecto,perfect,Good,casa,house,Bad,hijo,son,Bad,hermano,brother,Bad,este,this,Bad,,
33,Spanish,3,3,falda,skirt,Good,perro,dog,Good,esposa,wife,Good,caro,expensive,Good,bonito,pretty,Bad,sombrero,hat,Bad,carro,"car, automobile",Bad,padre,"father, dad",Bad,,
34,Spanish,3,4,rojo,red,Good,familia,family,Good,abuelo,grandfather,Good,gris,"gray, grey",Good,grande,big,Bad,cómoda,"dresser, comfortable, convenient",Bad,barato,cheap,Bad,hija,daughter,Bad,,
35,Spanish,3,5,tienes,"have, are, there's",Good,hermana,sister,Good,interesante,interesting,Good,ropa,clothes,Good,vestido,dress,Bad,esposo,husband,Bad,abuela,grandmother,Bad,azul,blue,Bad,,
36,Spanish,3,6,cartera,"purse, bag, wallet",Good,bicicleta,bicycle,Good,muy,very,Good,elegante,elegant,Good,marrón,brown,Bad,camisa,"shirt, blouse, top",Bad,vivo,"alive, brighter, live",Bad,comprar,to buy,Bad,,
37,Spanish,3,7,favorita,favorite,Good,gato,cat,Good,apartamento,apartment,Good,reloj,"watch, clock",Good,abrigo,coat,Bad,verde,green,Bad,tienda,store,Bad,y,and,Bad,,
38,Spanish,3,8,chaqueta,jacket,Good,diferente,different,Good,camiseta,T-shirt,Good,cinturón,belt,Good,ese,that,Bad,perfecto,perfect,Bad,casa,house,Bad,hijo,son,Bad,,
39,Spanish,3,9,hermano,brother,Good,este,this,Good,falda,skirt,Good,perro,dog,Good,esposa,wife,Bad,caro,expensive,Bad,bonito,pretty,Bad,sombrero,hat,Bad,,
40,Spanish,3,10,carro,"car, automobile",Good,padre,"father, dad",Good,rojo,red,Good,familia,family,Good,abuelo,grandfather,Bad,gris,"gray, grey",Bad,grande,big,Bad,cómoda,"dresser, comfortable, convenient",Bad,,
41,Spanish,3,11,barato,cheap,Good,hija,daughter,Good,tienes,"have, are, there's",Good,hermana,sister,Good,interesante,interesting,Bad,ropa,clothes,Bad,vestido,dress,Bad,esposo,husband,Bad,,
42,Spanish,3,12,abuela,grandmother,Good,azul,blue,Good,cartera,"purse, bag, wallet",Good,bicicleta,bicycle,Good,muy,very,Bad,elegante,elegant,Bad,marrón,brown,Bad,camisa,"shirt, blouse, top",Bad,,
43,Spanish,3,13,vivo,"alive, brighter, live",Good,comprar,to buy,Good,favorita,favorite,Good,gato,cat,Good,apartamento,apartment,Bad,reloj,"watch, clock",Bad,abrigo,coat,Bad,verde,green,Bad,,
44,Spanish,3,14,tienda,store,Good,y,and,Good,chaqueta,jacket,Good,diferente,different,Good,camiseta,T-shirt,Bad,cinturón,belt,Bad,ese,that,Bad,perfecto,perfect,Bad,,
45,Spanish,3,15,casa,house,Good,hijo,son,Good,hermano,brother,Good,este,this,Good,falda,skirt,Bad,perro,dog,Bad,esposa,wife,Bad,caro,expensive,Bad,,
46,Spanish,4,1,bien,"ok, fine, well-to-do",Good,pregunta,question,Good,mexicana,mexican,Good,cansado,"tired, made … tired, tired oneself out",Good,profesor,professor,Bad,universidad,"university, college",Bad,hasta mañana,see you tomorrow,Bad,problema,"problems, matter, trouble",Bad,,
47,Spanish,4,2,fácil,easy,Good,cubano,Cuban,Good,lees,"read, (you) are reading, (you) read",Good,libro,book,Good,usted,"you, you'll",Bad,regalo,gift,Bad,escuela,school,Bad,estudias,"(you) study, (?) have you been studyin, (?) do you study",Bad,,
48,Spanish,4,3,estudiar,to study,Good,examen,exam,Good,España,Spain,Good,leo,"I read, read, Leo",Good,señora,"ma'am, woman, lady",Bad,estás,"you are, are, you're",Bad,cansada,"tired, made … tired, tired oneself out",Bad,bolígrafo,pen,Bad,,
49,Spanish,4,4,comprendo,understand,Good,mucho,a lot,Good,estudiante,student,Good,cómo,"how's, what, how",Good,leer,to read,Bad,importante,important,Bad,nombre,name,Bad,medicina,medicine,Bad,,
50,Spanish,4,5,mexicano,Mexican,Good,escribo,"contribute, (I) write, (I) am writing",Good,me llamo,my name is,Good,cubana,Cuban,Good,americana,American,Bad,maestro,teacher,Bad,computadora,computer,Bad,escribes,"writing, (you) write, (?) are you writing",Bad,,
51,Spanish,4,6,estoy,"I'm, am, I am",Good,escribir,to write,Good,demasiado,too,Good,clase,class,Good,estudio,"(I) am studying, study, (I) study",Bad,buenas tardes,"good afternoon, good evening",Bad,hasta luego,"see you later, I'll see you later",Bad,americano,American,Bad,,
52,Spanish,4,7,señorita,"lady, miss, Ms.",Good,difícil,difficult,Good,bien,"ok, fine, well-to-do",Good,pregunta,question,Good,mexicana,mexican,Bad,cansado,"tired, made … tired, tired oneself out",Bad,profesor,professor,Bad,universidad,"university, college",Bad,,
53,Spanish,4,8,hasta mañana,see you tomorrow,Good,problema,"problems, matter, trouble",Good,fácil,easy,Good,cubano,Cuban,Good,lees,"read, (you) are reading, (you) read",Bad,libro,book,Bad,usted,"you, you'll",Bad,regalo,gift,Bad,,
54,Spanish,4,9,escuela,school,Good,estudias,"(you) study, (?) have you been studyin, (?) do you study",Good,estudiar,to study,Good,examen,exam,Good,España,Spain,Bad,leo,"I read, read, Leo",Bad,señora,"ma'am, woman, lady",Bad,estás,"you are, are, you're",Bad,,
55,Spanish,4,10,cansada,"tired, made … tired, tired oneself out",Good,bolígrafo,pen,Good,comprendo,understand,Good,mucho,a lot,Good,estudiante,student,Bad,cómo,"how's, what, how",Bad,leer,to read,Bad,importante,important,Bad,,
56,Spanish,4,11,nombre,name,Good,medicina,medicine,Good,mexicano,Mexican,Good,escribo,"contribute, (I) write, (I) am writing",Good,me llamo,my name is,Bad,cubana,Cuban,Bad,americana,American,Bad,maestro,teacher,Bad,,
57,Spanish,4,12,computadora,computer,Good,escribes,"writing, (you) write, (?) are you writing",Good,estoy,"I'm, am, I am",Good,escribir,to write,Good,demasiado,too,Bad,clase,class,Bad,estudio,"(I) am studying, study, (I) study",Bad,buenas tardes,"good afternoon, good evening",Bad,,
58,Spanish,4,13,hasta luego,"see you later, I'll see you later",Good,americano,American,Good,señorita,"lady, miss, Ms.",Good,difícil,difficult,Good,bien,"ok, fine, well-to-do",Bad,pregunta,question,Bad,mexicana,mexican,Bad,cansado,"tired, made … tired, tired oneself out",Bad,,
59,Spanish,4,14,profesor,professor,Good,universidad,"university, college",Good,hasta mañana,see you tomorrow,Good,problema,"problems, matter, trouble",Good,fácil,easy,Bad,cubano,Cuban,Bad,lees,"read, (you) are reading, (you) read",Bad,libro,book,Bad,,
60,Spanish,4,15,usted,"you, you'll",Good,regalo,gift,Good,escuela,school,Good,estudias,"(you) study, (?) have you been studyin, (?) do you study",Good,estudiar,to study,Bad,examen,exam,Bad,España,Spain,Bad,leo,"I read, read, Leo",Bad,,
61,Spanish,5,1,té,"tea, tea party",Good,ayuda,"help, (you-formal) help, (he/she/it) helps",Good,cuándo,when,Good,quiere,"mean, wants, (?) do you want",Good,hoy,"today, nowadays",Bad,más,"more, any more, most",Bad,ocupado,"busy, been on the game, concerned",Bad,usas,"(?) do you use, (?) are you using, (?) do you wear",Bad,,
62,Spanish,5,2,se llama,"(her) name is, (his) name is, (it) is called",Good,uso,"(I) am wearing, (I) am using, (I) use",Good,habla,"(he) is speaking, (?) does he speak, speaks",Good,martes,"Tuesday, Tuesdays",Good,favorito,favorite,Bad,viernes,"Friday, Fridays",Bad,fin de semana,weekend,Bad,cómo está,how's,Bad,,
63,Spanish,5,3,necesita,"(?) does she need, (you) need, (?) does he need",Good,banana,banana,Good,partido,"game, match, departed",Good,te llamas,"your name is, (?) is your name",Good,feliz,"happy, apt, felicitous",Bad,quieres,"(?) do you want, (you) want, (you) love",Bad,qué,"what, how",Bad,mal,"unwell, bad, ill",Bad,,
64,Spanish,5,4,fiesta,"party, holiday, don't",Good,hablar,"to speak, to talk, (to) talk about",Good,necesitas,"(you) need, (?) do you need, need",Good,mañana,"tomorrow, morning, future",Good,divertida,"funny, fun",Bad,miércoles,"Wednesday, Wednesdays",Bad,domingo,"Sunday, Sabbath, allowance",Bad,usar,"to use, to wear",Bad,,
65,Spanish,5,5,lunes,"Monday, Mondays",Good,divertido,fun,Good,fútbol,"soccer, football",Good,jueves,"Thursday, Thursdays",Good,francés,French,Bad,película,"movie, film",Bad,ocupada,busy,Bad,usa,"(she) is using, (he) is using, (?) does he wear",Bad,,
66,Spanish,5,6,concierto,"concert, (I) arrange, (I) agree",Good,béisbol,baseball,Good,semana,"week, allowance, pocket money",Good,disfruta,"(you) enjoy, (he) enjoys, (he) is enjoying",Good,estudia,"(you) study, (she) studies, (?) does he study",Bad,baile,"dance, dance!, dance hall",Bad,día,day,Bad,señor,"Mr., sir, gentleman",Bad,,
67,Spanish,5,7,sábado,"Saturday, Sabbath",Good,cumpleaños,"birthday, birthday party, birthdays",Good,té,"tea, tea party",Good,ayuda,"help, (you-formal) help, (he/she/it) helps",Good,cuándo,when,Bad,quiere,"mean, wants, (?) do you want",Bad,hoy,"today, nowadays",Bad,más,"more, any more, most",Bad,,
68,Spanish,5,8,ocupado,"busy, been on the game, concerned",Good,usas,"(?) do you use, (?) are you using, (?) do you wear",Good,se llama,"(her) name is, (his) name is, (it) is called",Good,uso,"(I) am wearing, (I) am using, (I) use",Good,habla,"(he) is speaking, (?) does he speak, speaks",Bad,martes,"Tuesday, Tuesdays",Bad,favorito,favorite,Bad,viernes,"Friday, Fridays",Bad,,
69,Spanish,5,9,fin de semana,weekend,Good,cómo está,how's,Good,necesita,"(?) does she need, (you) need, (?) does he need",Good,banana,banana,Good,partido,"game, match, departed",Bad,te llamas,"your name is, (?) is your name",Bad,feliz,"happy, apt, felicitous",Bad,quieres,"(?) do you want, (you) want, (you) love",Bad,,
70,Spanish,5,10,qué,"what, how",Good,mal,"unwell, bad, ill",Good,fiesta,"party, holiday, don't",Good,hablar,"to speak, to talk, (to) talk about",Good,necesitas,"(you) need, (?) do you need, need",Bad,mañana,"tomorrow, morning, future",Bad,divertida,"funny, fun",Bad,miércoles,"Wednesday, Wednesdays",Bad,,
71,Spanish,5,11,domingo,"Sunday, Sabbath, allowance",Good,usar,"to use, to wear",Good,lunes,"Monday, Mondays",Good,divertido,fun,Good,fútbol,"soccer, football",Bad,jueves,"Thursday, Thursdays",Bad,francés,French,Bad,película,"movie, film",Bad,,
72,Spanish,5,12,ocupada,busy,Good,usa,"(she) is using, (he) is using, (?) does he wear",Good,concierto,"concert, (I) arrange, (I) agree",Good,béisbol,baseball,Good,semana,"week, allowance, pocket money",Bad,disfruta,"(you) enjoy, (he) enjoys, (he) is enjoying",Bad,estudia,"(you) study, (she) studies, (?) does he study",Bad,baile,"dance, dance!, dance hall",Bad,,
73,Spanish,5,13,día,day,Good,señor,"Mr., sir, gentleman",Good,sábado,"Saturday, Sabbath",Good,cumpleaños,"birthday, birthday party, birthdays",Good,té,"tea, tea party",Bad,ayuda,"help, (you-formal) help, (he/she/it) helps",Bad,cuándo,when,Bad,quiere,"mean, wants, (?) do you want",Bad,,
74,Spanish,5,14,hoy,"today, nowadays",Good,más,"more, any more, most",Good,ocupado,"busy, been on the game, concerned",Good,usas,"(?) do you use, (?) are you using, (?) do you wear",Good,se llama,"(her) name is, (his) name is, (it) is called",Bad,uso,"(I) am wearing, (I) am using, (I) use",Bad,habla,"(he) is speaking, (?) does he speak, speaks",Bad,martes,"Tuesday, Tuesdays",Bad,,
75,Spanish,5,15,favorito,favorite,Good,viernes,"Friday, Fridays",Good,fin de semana,weekend,Good,cómo está,how's,Good,necesita,"(?) does she need, (you) need, (?) does he need",Bad,banana,banana,Bad,partido,"game, match, departed",Bad,te llamas,"your name is, (?) is your name",Bad,,
76,Spanish,6,1,ciudad,"city, town",Good,médica,"doctor, medical",Good,amigo,"friend, buddy, bud",Good,médico,doctor,Good,novio,"boyfriend, fiancé, groom",Bad,computadoras,computers,Bad,trabajas,"(?) have you been working, (?) do you work, you've worked",Bad,bibliotecas,"libraries, bookshelves, bookcase",Bad,,
77,Spanish,6,2,biblioteca,"library, bookcase, bookshelves",Good,vive,"(he) lives, live, (?) do you live",Good,Europa,Europe,Good,joven,"young, young man, young woman",Good,novia,"girlfriend, bride, fiancée",Bad,número,"number, act, constable",Bad,esta,this,Bad,oficina,office,Bad,,
78,Spanish,6,3,aprendo,"(I) am learning, learning, (I) learn",Good,cinco,"five, moment",Good,ser,"(to) be, be, made",Good,cuatro,"four, number four, four-stringed guitar",Good,clases,"classes, to have classes, classrooms",Bad,aprende,"(she) is learning, (he) learns, (she) learns",Bad,portugués,Portuguese,Bad,amiga,friend,Bad,,
79,Spanish,6,4,trabajar,to work,Good,aprender,"to learn, learning, learn",Good,beber,"to drink, drink, drinking",Good,trabaja,"work, (you) are working, (she) is working",Good,celular,"cell phone, cellphone, cell",Bad,fábrica,"factory, stonework",Bad,vino,"wine, (he/she/it/you) came, (he/she/it/you) arrived",Bad,ocho,"eight, number eight",Bad,,
80,Spanish,6,5,estudiantes,"students, university students, college students",Good,libros,books,Good,cero,"zero, nought, love",Good,camarera,"waitress, barmaid, maid",Good,maestra,teacher,Bad,preguntas,questions,Bad,Francia,France,Bad,vivir,"to live, live, (to) be alive",Bad,,
81,Spanish,6,6,Inglaterra,England,Good,camarero,"waiter, barman, bellboy",Good,quién,"who, who (singular), whom",Good,aprendes,"(?) are you learning, (you) learn, learn",Good,pueblo,"town, people, small town",Bad,trabajo,"work, (I) work, jobs",Bad,dirección,"direction, address, setting",Bad,bolígrafos,"pens, ballpoint pens",Bad,,
82,Spanish,6,7,comer,"to eat, eat, eating",Good,vives,"live, (?) do you live, (you) live",Good,ciudad,"city, town",Good,médica,"doctor, medical",Good,amigo,"friend, buddy, bud",Bad,médico,doctor,Bad,novio,"boyfriend, fiancé, groom",Bad,computadoras,computers,Bad,,
83,Spanish,6,8,trabajas,"(?) have you been working, (?) do you work, you've worked",Good,bibliotecas,"libraries, bookshelves, bookcase",Good,biblioteca,"library, bookcase, bookshelves",Good,vive,"(he) lives, live, (?) do you live",Good,Europa,Europe,Bad,joven,"young, young man, young woman",Bad,novia,"girlfriend, bride, fiancée",Bad,número,"number, act, constable",Bad,,
84,Spanish,6,9,esta,this,Good,oficina,office,Good,aprendo,"(I) am learning, learning, (I) learn",Good,cinco,"five, moment",Good,ser,"(to) be, be, made",Bad,cuatro,"four, number four, four-stringed guitar",Bad,clases,"classes, to have classes, classrooms",Bad,aprende,"(she) is learning, (he) learns, (she) learns",Bad,,
85,Spanish,6,10,portugués,Portuguese,Good,amiga,friend,Good,trabajar,to work,Good,aprender,"to learn, learning, learn",Good,beber,"to drink, drink, drinking",Bad,trabaja,"work, (you) are working, (she) is working",Bad,celular,"cell phone, cellphone, cell",Bad,fábrica,"factory, stonework",Bad,,
86,Spanish,6,11,vino,"wine, (he/she/it/you) came, (he/she/it/you) arrived",Good,ocho,"eight, number eight",Good,estudiantes,"students, university students, college students",Good,libros,books,Good,cero,"zero, nought, love",Bad,camarera,"waitress, barmaid, maid",Bad,maestra,teacher,Bad,preguntas,questions,Bad,,
87,Spanish,6,12,Francia,France,Good,vivir,"to live, live, (to) be alive",Good,Inglaterra,England,Good,camarero,"waiter, barman, bellboy",Good,quién,"who, who (singular), whom",Bad,aprendes,"(?) are you learning, (you) learn, learn",Bad,pueblo,"town, people, small town",Bad,trabajo,"work, (I) work, jobs",Bad,,
88,Spanish,6,13,dirección,"direction, address, setting",Good,bolígrafos,"pens, ballpoint pens",Good,comer,"to eat, eat, eating",Good,vives,"live, (?) do you live, (you) live",Good,ciudad,"city, town",Bad,médica,"doctor, medical",Bad,amigo,"friend, buddy, bud",Bad,médico,doctor,Bad,,
89,Spanish,6,14,novio,"boyfriend, fiancé, groom",Good,computadoras,computers,Good,trabajas,"(?) have you been working, (?) do you work, you've worked",Good,bibliotecas,"libraries, bookshelves, bookcase",Good,biblioteca,"library, bookcase, bookshelves",Bad,vive,"(he) lives, live, (?) do you live",Bad,Europa,Europe,Bad,joven,"young, young man, young woman",Bad,,
90,Spanish,6,15,novia,"girlfriend, bride, fiancée",Good,número,"number, act, constable",Good,esta,this,Good,oficina,office,Good,aprendo,"(I) am learning, learning, (I) learn",Bad,cinco,"five, moment",Bad,ser,"(to) be, be, made",Bad,cuatro,"four, number four, four-stringed guitar",Bad,,
91,Spanish,7,1,jefe,"boss, manager",Good,siete,"seven, number seven, tear",Good,baja,"turns down, goes down, low",Good,nuevo,"new, newer, newest",Good,enojado,"annoyed, mad, angry",Bad,contigo,with you,Bad,escribe,"(?) does she write, (he) is writing, (you) write",Bad,preocupado,"anxious, worried, concerned",Bad,,
92,Spanish,7,2,papá,"dad, father",Good,poco,"little, bit, a while",Good,alta,"tall, high",Good,aburrido,"boring, bored, uninteresting",Good,también,"also, too, as well",Bad,simpático,"nice, sympathetic, pleasant",Bad,inglesa,English,Bad,diez,ten,Bad,,
93,Spanish,7,3,seis,six,Good,por qué,"why, reason",Good,cuál,"what, which, which one",Good,hijos,"children, sons",Good,las,"your, the, their",Bad,alto,"tall, high, high ground",Bad,año,year,Bad,triste,"sad, dismal, gloomy",Bad,,
94,Spanish,7,4,española,Spanish,Good,escritorio,desk,Good,nueve,nine,Good,conmigo,with me,Good,contento,"happier, happy, glad",Bad,pequeña,"little, tiny, small",Bad,italiano,Italian,Bad,lee,"lees, (she) is reading, read",Bad,,
95,Spanish,7,5,bajo,short,Good,enfermo,"sick, ill",Good,qué tal,"how's, (?) how are you, how",Good,negocio,"business, store, deal",Good,emocionar,"move, moves",Bad,bonita,"nice, pretty, beautiful",Bad,los,"the, their, your",Bad,su,"his, her, your formal",Bad,,
96,Spanish,7,6,tener,"to have, have",Good,ahora,"now, a moment ago",Good,pequeño,"small , little ones, shorts",Good,secretario,"secretary, minister",Good,mensaje,"message, text",Bad,carta,"letter, card",Bad,mascota,"pets, pet, mascot",Bad,siempre,"always, providing (that), provided (that)",Bad,,
97,Spanish,7,7,correo electrónico,email,Good,simpática,nice,Good,jefe,"boss, manager",Good,siete,"seven, number seven, tear",Good,baja,"turns down, goes down, low",Bad,nuevo,"new, newer, newest",Bad,enojado,"annoyed, mad, angry",Bad,contigo,with you,Bad,,
98,Spanish,7,8,escribe,"(?) does she write, (he) is writing, (you) write",Good,preocupado,"anxious, worried, concerned",Good,papá,"dad, father",Good,poco,"little, bit, a while",Good,alta,"tall, high",Bad,aburrido,"boring, bored, uninteresting",Bad,también,"also, too, as well",Bad,simpático,"nice, sympathetic, pleasant",Bad,,
99,Spanish,7,9,inglesa,English,Good,diez,ten,Good,seis,six,Good,por qué,"why, reason",Good,cuál,"what, which, which one",Bad,hijos,"children, sons",Bad,las,"your, the, their",Bad,alto,"tall, high, high ground",Bad,,
100,Spanish,7,10,año,year,Good,triste,"sad, dismal, gloomy",Good,española,Spanish,Good,escritorio,desk,Good,nueve,nine,Bad,conmigo,with me,Bad,contento,"happier, happy, glad",Bad,pequeña,"little, tiny, small",Bad,,
101,Spanish,7,11,italiano,Italian,Good,lee,"lees, (she) is reading, read",Good,bajo,short,Good,enfermo,"sick, ill",Good,qué tal,"how's, (?) how are you, how",Bad,negocio,"business, store, deal",Bad,emocionar,"move, moves",Bad,bonita,"nice, pretty, beautiful",Bad,,
102,Spanish,7,12,los,"the, their, your",Good,su,"his, her, your formal",Good,tener,"to have, have",Good,ahora,"now, a moment ago",Good,pequeño,"small , little ones, shorts",Bad,secretario,"secretary, minister",Bad,mensaje,"message, text",Bad,carta,"letter, card",Bad,,
103,Spanish,7,13,mascota,"pets, pet, mascot",Good,siempre,"always, providing (that), provided (that)",Good,correo electrónico,email,Good,simpática,nice,Good,jefe,"boss, manager",Bad,siete,"seven, number seven, tear",Bad,baja,"turns down, goes down, low",Bad,nuevo,"new, newer, newest",Bad,,
104,Spanish,7,14,enojado,"annoyed, mad, angry",Good,contigo,with you,Good,escribe,"(?) does she write, (he) is writing, (you) write",Good,preocupado,"anxious, worried, concerned",Good,papá,"dad, father",Bad,poco,"little, bit, a while",Bad,alta,"tall, high",Bad,aburrido,"boring, bored, uninteresting",Bad,,
105,Spanish,7,15,también,"also, too, as well",Good,simpático,"nice, sympathetic, pleasant",Good,inglesa,English,Good,diez,ten,Good,seis,six,Bad,por qué,"why, reason",Bad,cuál,"what, which, which one",Bad,hijos,"children, sons",Bad,,
106,Spanish,8,1,unas,"some, a few, a",Good,sorprendido,"surprised, shocked",Good,interesantes,interesting,Good,somos,"we are, are, be",Good,ciudades,"cities, towns",Bad,bonitas,"nice, pretty, beautiful",Bad,un poco,"slightly, any, kind of",Bad,verdes,"green, green (plural), 000 peseta note",Bad,,
107,Spanish,8,2,pantalón,"trousers, pants",Good,mamá,"mom, mother",Good,jugador,player,Good,muchas,"many, a lot of, lots of",Good,ustedes,"you guys, you, you all",Bad,nosotras,"we, we (feminine), us",Bad,disfrutar,"to enjoy, enjoy",Bad,son,"(?) are they, are, (they) are",Bad,,
108,Spanish,8,3,necesitamos,"(?) do we need, (we) need, need",Good,te sientes,"(?) do you feel, (?) are you feeling, (you)  feel",Good,carteras,"purses, wallets, satchels",Good,mujeres,"women, wives",Good,otra vez,again,Bad,se siente,"(he) feels, (she) feels, (she) is feeling",Bad,usamos,"(we) used, (we) wear, (we) use",Bad,a veces,sometimes,Bad,,
109,Spanish,8,4,me siento,"I've been feeling (since), I feel, I'm feeling",Good,fines de semana,weekends,Good,nosotros,"we, us",Good,muchos,"lots of, a lot of, many",Good,cuánto,"how much, what, how long",Bad,hablamos,"(we) speak, (we) are talking, speak",Bad,nuevos,"new, newer, newest",Bad,estudiamos,"study, (we) study, (we) studied",Bad,,
110,Spanish,8,5,universidades,"universities, colleges",Good,hablan,"spoken, speaks, speak",Good,nunca,never,Good,hombres,men,Good,zapato,shoe,Bad,ellas,"they, them",Bad,cuántas,how many,Bad,señores,"men, gentlemen, sirs",Bad,,
111,Spanish,8,6,estudian,"(they) are studying, (they) study, investigate",Good,bonitos,"beautiful, nice, pretty",Good,grandes,"big, too big, large",Good,dormir,"to sleep, sleep, (to) fall asleep",Good,ellos,"they, them",Bad,bebé,baby,Bad,unos,"some, an, ones",Bad,vacaciones,"vacation, vacations",Bad,,
112,Spanish,8,7,nuevas,"new, newer, newest",Good,señoras,"ladies, Mrs.",Good,unas,"some, a few, a",Good,sorprendido,"surprised, shocked",Good,interesantes,interesting,Bad,somos,"we are, are, be",Bad,ciudades,"cities, towns",Bad,bonitas,"nice, pretty, beautiful",Bad,,
113,Spanish,8,8,un poco,"slightly, any, kind of",Good,verdes,"green, green (plural), 000 peseta note",Good,pantalón,"trousers, pants",Good,mamá,"mom, mother",Good,jugador,player,Bad,muchas,"many, a lot of, lots of",Bad,ustedes,"you guys, you, you all",Bad,nosotras,"we, we (feminine), us",Bad,,
114,Spanish,8,9,disfrutar,"to enjoy, enjoy",Good,son,"(?) are they, are, (they) are",Good,necesitamos,"(?) do we need, (we) need, need",Good,te sientes,"(?) do you feel, (?) are you feeling, (you)  feel",Good,carteras,"purses, wallets, satchels",Bad,mujeres,"women, wives",Bad,otra vez,again,Bad,se siente,"(he) feels, (she) feels, (she) is feeling",Bad,,
115,Spanish,8,10,usamos,"(we) used, (we) wear, (we) use",Good,a veces,sometimes,Good,me siento,"I've been feeling (since), I feel, I'm feeling",Good,fines de semana,weekends,Good,nosotros,"we, us",Bad,muchos,"lots of, a lot of, many",Bad,cuánto,"how much, what, how long",Bad,hablamos,"(we) speak, (we) are talking, speak",Bad,,
116,Spanish,8,11,nuevos,"new, newer, newest",Good,estudiamos,"study, (we) study, (we) studied",Good,universidades,"universities, colleges",Good,hablan,"spoken, speaks, speak",Good,nunca,never,Bad,hombres,men,Bad,zapato,shoe,Bad,ellas,"they, them",Bad,,
117,Spanish,8,12,cuántas,how many,Good,señores,"men, gentlemen, sirs",Good,estudian,"(they) are studying, (they) study, investigate",Good,bonitos,"beautiful, nice, pretty",Good,grandes,"big, too big, large",Bad,dormir,"to sleep, sleep, (to) fall asleep",Bad,ellos,"they, them",Bad,bebé,baby,Bad,,
118,Spanish,8,13,unos,"some, an, ones",Good,vacaciones,"vacation, vacations",Good,nuevas,"new, newer, newest",Good,señoras,"ladies, Mrs.",Good,unas,"some, a few, a",Bad,sorprendido,"surprised, shocked",Bad,interesantes,interesting,Bad,somos,"we are, are, be",Bad,,
119,Spanish,8,14,ciudades,"cities, towns",Good,bonitas,"nice, pretty, beautiful",Good,un poco,"slightly, any, kind of",Good,verdes,"green, green (plural), 000 peseta note",Good,pantalón,"trousers, pants",Bad,mamá,"mom, mother",Bad,jugador,player,Bad,muchas,"many, a lot of, lots of",Bad,,
120,Spanish,8,15,ustedes,"you guys, you, you all",Good,nosotras,"we, we (feminine), us",Good,disfrutar,"to enjoy, enjoy",Good,son,"(?) are they, are, (they) are",Good,necesitamos,"(?) do we need, (we) need, need",Bad,te sientes,"(?) do you feel, (?) are you feeling, (you)  feel",Bad,carteras,"purses, wallets, satchels",Bad,mujeres,"women, wives",Bad,,
121,Spanish,9,1,rojas,red,Good,mis,my,Good,lejos,"far, far away, by far",Good,derecha,"right, right hand, right-hand",Good,sándwiches,sandwiches,Bad,verano,"summer, summertime",Bad,estamos,"have been (since), (?) are we, (we) are",Bad,usan,"(they) use, (they) are wearing, wear",Bad,,
122,Spanish,9,2,tomar,"to take, (to) take in, (to) have",Good,casas,"houses, homes, you quash",Good,comida,"eaten, food, meal",Good,metro,"meters, meter, subway",Good,restaurantes,restaurants,Bad,correos electrónicos,emails,Bad,ir,"to go, (to) go, (to) go out",Bad,parada,"stops, stop, caught",Bad,,
123,Spanish,9,3,comemos,"(we) eat, (we) are eating, (?) do you eat",Good,izquierda,left,Good,caminar,"to walk, walk",Good,cerca de,close to,Good,quieren,"(they) want, (?) do you want, want",Bad,puerta,"door, gate",Bad,están,"you are, are, (they/you-plural) are",Bad,periódico,"newspaper, daily newspaper",Bad,,
124,Spanish,9,4,junto,"next, along, together",Good,estos,these,Good,vivimos,"live, (we) lived, (we) have lived",Good,estas,these,Good,pequeños,"little, small, young",Bad,viajar,"to travel, travel",Bad,estación,"station, stations, season",Bad,leemos,"(we) are reading, (we) read, read",Bad,,
125,Spanish,9,5,del,"of the, to the",Good,necesitan,"(you) need, (they) need, need",Good,pequeñas,"little, small, tiny",Good,arroz,rice,Good,tarde,"late, afternoon, evening",Bad,queremos,"want, (we) want, love",Bad,pollo,chicken,Bad,comen,"(?) do you eat, (?) are you eating, (they) eat",Bad,,
126,Spanish,9,6,sus,"your, his plural, her plural",Good,cerca,"close, near, nearby",Good,bueno,"well, all right, anyway",Good,al lado,next to,Good,playa,"beach, beaches",Bad,escribimos,"(we) wrote, write, (we) write",Bad,parque,"park, parks, parked",Bad,tus,"your, your (plural)",Bad,,
127,Spanish,9,7,al,"to the, with, your",Good,rojos,red,Good,rojas,red,Good,mis,my,Good,lejos,"far, far away, by far",Bad,derecha,"right, right hand, right-hand",Bad,sándwiches,sandwiches,Bad,verano,"summer, summertime",Bad,,
128,Spanish,9,8,estamos,"have been (since), (?) are we, (we) are",Good,usan,"(they) use, (they) are wearing, wear",Good,tomar,"to take, (to) take in, (to) have",Good,casas,"houses, homes, you quash",Good,comida,"eaten, food, meal",Bad,metro,"meters, meter, subway",Bad,restaurantes,restaurants,Bad,correos electrónicos,emails,Bad,,
129,Spanish,9,9,ir,"to go, (to) go, (to) go out",Good,parada,"stops, stop, caught",Good,comemos,"(we) eat, (we) are eating, (?) do you eat",Good,izquierda,left,Good,caminar,"to walk, walk",Bad,cerca de,close to,Bad,quieren,"(they) want, (?) do you want, want",Bad,puerta,"door, gate",Bad,,
130,Spanish,9,10,están,"you are, are, (they/you-plural) are",Good,periódico,"newspaper, daily newspaper",Good,junto,"next, along, together",Good,estos,these,Good,vivimos,"live, (we) lived, (we) have lived",Bad,estas,these,Bad,pequeños,"little, small, young",Bad,viajar,"to travel, travel",Bad,,
131,Spanish,9,11,estación,"station, stations, season",Good,leemos,"(we) are reading, (we) read, read",Good,del,"of the, to the",Good,necesitan,"(you) need, (they) need, need",Good,pequeñas,"little, small, tiny",Bad,arroz,rice,Bad,tarde,"late, afternoon, evening",Bad,queremos,"want, (we) want, love",Bad,,
132,Spanish,9,12,pollo,chicken,Good,comen,"(?) do you eat, (?) are you eating, (they) eat",Good,sus,"your, his plural, her plural",Good,cerca,"close, near, nearby",Good,bueno,"well, all right, anyway",Bad,al lado,next to,Bad,playa,"beach, beaches",Bad,escribimos,"(we) wrote, write, (we) write",Bad,,
133,Spanish,9,13,parque,"park, parks, parked",Good,tus,"your, your (plural)",Good,al,"to the, with, your",Good,rojos,red,Good,rojas,red,Bad,mis,my,Bad,lejos,"far, far away, by far",Bad,derecha,"right, right hand, right-hand",Bad,,
134,Spanish,9,14,sándwiches,sandwiches,Good,verano,"summer, summertime",Good,estamos,"have been (since), (?) are we, (we) are",Good,usan,"(they) use, (they) are wearing, wear",Good,tomar,"to take, (to) take in, (to) have",Bad,casas,"houses, homes, you quash",Bad,comida,"eaten, food, meal",Bad,metro,"meters, meter, subway",Bad,,
135,Spanish,9,15,restaurantes,restaurants,Good,correos electrónicos,emails,Good,ir,"to go, (to) go, (to) go out",Good,parada,"stops, stop, caught",Good,comemos,"(we) eat, (we) are eating, (?) do you eat",Bad,izquierda,left,Bad,caminar,"to walk, walk",Bad,cerca de,close to,Bad,,
136,Spanish,10,1,salen,"(they) go out, (they) leave, (?) do they leave",Good,viejo,"old, old man",Good,salir,"to leave, to go out, to come out",Good,piscina,"pool, swimming pool",Good,algo,"something, anything, a little",Bad,música,"music, composer, harmonica",Bad,sábados,"Saturdays, Saturday, Sabbath",Bad,cine,"theater, movie theater, cinema",Bad,,
137,Spanish,10,2,salimos,"(we) went out, (we) go out, leave",Good,abren,"drive, get, (they) are opening",Good,compramos,"(?) are we buying, (we) bought, (we) buy",Good,escriben,"(they) are writing, (?) do you write, (they) write",Good,chico,"boy, small",Bad,toma,"(she) takes, takes, (he) takes",Bad,perros,dogs,Bad,nadar,"to swim, swimming, swim",Bad,,
138,Spanish,10,3,correr,"to run, run, to race",Good,abrir,"to open, (to) open out, (to) open up",Good,noche,"night, evening",Good,jugar,"to play, (to) play with, (to) game",Good,todo,"all, whole, everybody",Bad,vas,"(you) go, go, (you) are going",Bad,beben,"(?) are they drinking, (they) drink, drinks",Bad,a menudo,often,Bad,,
139,Spanish,10,4,vamos,"let's, we're going, (we) are going",Good,me gusta,"(I) like, like",Good,voy,"go, I will leave, going",Good,media,"meant, average, thirty",Good,me encanta,love,Bad,mirar,"to look, (to) look at, (to) watch",Bad,chocolate,chocolate,Bad,abrimos,"(we) open, we, (we) opened",Bad,,
140,Spanish,10,5,viven,"(?) do you live, (they) live, are living",Good,va,"is, there is going to, (she) goes",Good,te encanta,"(?) do you love, love",Good,van,"(you) go, go, (they) will",Good,televisión,"television, TV",Bad,leen,"(they) read, (you) are reading, (?) do you read",Bad,te gusta,"(you) like, (?) do you like, you",Bad,pastel,cake,Bad,,
141,Spanish,10,6,aprenden,"(they) learn, (they) are learning, (?) are you learning",Good,dibujar,"to draw, draw, to sketch",Good,trabajamos,"work, (we) worked, (we) work",Good,porque,because,Good,días,days,Bad,compran,"(they) buy, get, (they) are buying",Bad,aprendemos,"(we) learn, learn, (we) are learning",Bad,pero,"but, only",Bad,,
142,Spanish,10,7,tomamos,"(?) should we have, made, we're drinking",Good,trabajan,"(?) do they work, work, they've worked",Good,salen,"(they) go out, (they) leave, (?) do they leave",Good,viejo,"old, old man",Good,salir,"to leave, to go out, to come out",Bad,piscina,"pool, swimming pool",Bad,algo,"something, anything, a little",Bad,música,"music, composer, harmonica",Bad,,
143,Spanish,10,8,sábados,"Saturdays, Saturday, Sabbath",Good,cine,"theater, movie theater, cinema",Good,salimos,"(we) went out, (we) go out, leave",Good,abren,"drive, get, (they) are opening",Good,compramos,"(?) are we buying, (we) bought, (we) buy",Bad,escriben,"(they) are writing, (?) do you write, (they) write",Bad,chico,"boy, small",Bad,toma,"(she) takes, takes, (he) takes",Bad,,
144,Spanish,10,9,perros,dogs,Good,nadar,"to swim, swimming, swim",Good,correr,"to run, run, to race",Good,abrir,"to open, (to) open out, (to) open up",Good,noche,"night, evening",Bad,jugar,"to play, (to) play with, (to) game",Bad,todo,"all, whole, everybody",Bad,vas,"(you) go, go, (you) are going",Bad,,
145,Spanish,10,10,beben,"(?) are they drinking, (they) drink, drinks",Good,a menudo,often,Good,vamos,"let's, we're going, (we) are going",Good,me gusta,"(I) like, like",Good,voy,"go, I will leave, going",Bad,media,"meant, average, thirty",Bad,me encanta,love,Bad,mirar,"to look, (to) look at, (to) watch",Bad,,
146,Spanish,10,11,chocolate,chocolate,Good,abrimos,"(we) open, we, (we) opened",Good,viven,"(?) do you live, (they) live, are living",Good,va,"is, there is going to, (she) goes",Good,te encanta,"(?) do you love, love",Bad,van,"(you) go, go, (they) will",Bad,televisión,"television, TV",Bad,leen,"(they) read, (you) are reading, (?) do you read",Bad,,
147,Spanish,10,12,te gusta,"(you) like, (?) do you like, you",Good,pastel,cake,Good,aprenden,"(they) learn, (they) are learning, (?) are you learning",Good,dibujar,"to draw, draw, to sketch",Good,trabajamos,"work, (we) worked, (we) work",Bad,porque,because,Bad,días,days,Bad,compran,"(they) buy, get, (they) are buying",Bad,,
148,Spanish,10,13,aprendemos,"(we) learn, learn, (we) are learning",Good,pero,"but, only",Good,tomamos,"(?) should we have, made, we're drinking",Good,trabajan,"(?) do they work, work, they've worked",Good,salen,"(they) go out, (they) leave, (?) do they leave",Bad,viejo,"old, old man",Bad,salir,"to leave, to go out, to come out",Bad,piscina,"pool, swimming pool",Bad,,
149,Spanish,10,14,algo,"something, anything, a little",Good,música,"music, composer, harmonica",Good,sábados,"Saturdays, Saturday, Sabbath",Good,cine,"theater, movie theater, cinema",Good,salimos,"(we) went out, (we) go out, leave",Bad,abren,"drive, get, (they) are opening",Bad,compramos,"(?) are we buying, (we) bought, (we) buy",Bad,escriben,"(they) are writing, (?) do you write, (they) write",Bad,,
150,Spanish,10,15,chico,"boy, small",Good,toma,"(she) takes, takes, (he) takes",Good,perros,dogs,Good,nadar,"to swim, swimming, swim",Good,correr,"to run, run, to race",Bad,abrir,"to open, (to) open out, (to) open up",Bad,noche,"night, evening",Bad,jugar,"to play, (to) play with, (to) game",Bad,,
151,Spanish,11,1,me levanto,(I) get up,Good,tenedor,fork,Good,cocina,"(he) is cooking, (you) cook, kitchen",Good,doce,"twelve, number twelve",Good,ventana,window,Bad,jardín,"garden, yard",Bad,domingos,"Sundays, Sunday, Sabbath",Bad,patata,potato,Bad,,
152,Spanish,11,2,bebida,drink,Good,sobre,"on, about, on top of",Good,tinto,red,Good,tienes que,"(you) need, (you) have to, (you) must",Good,silla,chair,Bad,tenemos,"we're having, (we) are, (?) do we have",Bad,cama,bed,Bad,plato,"dish, course, plate",Bad,,
153,Spanish,11,3,tengo que,"(I) need to, (I) have to, have",Good,otro,"other, another one, another",Good,limpiar,"to clean, (to) ice, (to) clear",Good,te levantas,"(you) get up, (you) are getting up, (?) do you get up",Good,hora,"hour, time",Bad,hay,"there is, there are, there's",Bad,debajo,under,Bad,se ducha,"(she) showers, (he) showers, showers",Bad,,
154,Spanish,11,4,tienen,"(they) are, (?) is there, make",Good,teléfonos,"phones, telephones",Good,nevera,"fridge, refrigerator",Good,moderno,"modern, fashionable",Good,planta,"plants, plant, floor",Bad,me ducho,"(I) shower, shower",Bad,tiene que,"(you) have to, (he) needs to, (she) must",Bad,dormitorio,"room, bedroom, dormitory",Bad,,
155,Spanish,11,5,once,"eleven, number eleven",Good,estantería,"bookcase, bookshelf, shelf",Good,cuchillo,knife,Good,celulares,cell phones,Good,menús,menus,Bad,se levanta,"(he) gets up, (?) does he get up, (?) are you getting up",Bad,botella,bottle,Bad,pintar,"to paint, to draw, paint",Bad,,
156,Spanish,11,6,puede traer,(?) can you bring,Good,a qué hora,"when, (?) what time",Good,cuchara,spoon,Good,te duchas,"(?) do you shower, (you) shower, (?) are you showering",Good,quisiera,"(I) would like, (I) wish, wanted",Bad,sala,"lounge, living room, room",Bad,frijol,"food, bean",Bad,cerveza,beer,Bad,,
157,Spanish,11,7,blanco,white,Good,habitación,"room, bedroom",Good,me levanto,(I) get up,Good,tenedor,fork,Good,cocina,"(he) is cooking, (you) cook, kitchen",Bad,doce,"twelve, number twelve",Bad,ventana,window,Bad,jardín,"garden, yard",Bad,,
158,Spanish,11,8,domingos,"Sundays, Sunday, Sabbath",Good,patata,potato,Good,bebida,drink,Good,sobre,"on, about, on top of",Good,tinto,red,Bad,tienes que,"(you) need, (you) have to, (you) must",Bad,silla,chair,Bad,tenemos,"we're having, (we) are, (?) do we have",Bad,,
159,Spanish,11,9,cama,bed,Good,plato,"dish, course, plate",Good,tengo que,"(I) need to, (I) have to, have",Good,otro,"other, another one, another",Good,limpiar,"to clean, (to) ice, (to) clear",Bad,te levantas,"(you) get up, (you) are getting up, (?) do you get up",Bad,hora,"hour, time",Bad,hay,"there is, there are, there's",Bad,,
160,Spanish,11,10,debajo,under,Good,se ducha,"(she) showers, (he) showers, showers",Good,tienen,"(they) are, (?) is there, make",Good,teléfonos,"phones, telephones",Good,nevera,"fridge, refrigerator",Bad,moderno,"modern, fashionable",Bad,planta,"plants, plant, floor",Bad,me ducho,"(I) shower, shower",Bad,,
161,Spanish,11,11,tiene que,"(you) have to, (he) needs to, (she) must",Good,dormitorio,"room, bedroom, dormitory",Good,once,"eleven, number eleven",Good,estantería,"bookcase, bookshelf, shelf",Good,cuchillo,knife,Bad,celulares,cell phones,Bad,menús,menus,Bad,se levanta,"(he) gets up, (?) does he get up, (?) are you getting up",Bad,,
162,Spanish,11,12,botella,bottle,Good,pintar,"to paint, to draw, paint",Good,puede traer,(?) can you bring,Good,a qué hora,"when, (?) what time",Good,cuchara,spoon,Bad,te duchas,"(?) do you shower, (you) shower, (?) are you showering",Bad,quisiera,"(I) would like, (I) wish, wanted",Bad,sala,"lounge, living room, room",Bad,,
163,Spanish,11,13,frijol,"food, bean",Good,cerveza,beer,Good,blanco,white,Good,habitación,"room, bedroom",Good,me levanto,(I) get up,Bad,tenedor,fork,Bad,cocina,"(he) is cooking, (you) cook, kitchen",Bad,doce,"twelve, number twelve",Bad,,
164,Spanish,11,14,ventana,window,Good,jardín,"garden, yard",Good,domingos,"Sundays, Sunday, Sabbath",Good,patata,potato,Good,bebida,drink,Bad,sobre,"on, about, on top of",Bad,tinto,red,Bad,tienes que,"(you) need, (you) have to, (you) must",Bad,,
165,Spanish,11,15,silla,chair,Good,tenemos,"we're having, (we) are, (?) do we have",Good,cama,bed,Good,plato,"dish, course, plate",Good,tengo que,"(I) need to, (I) have to, have",Bad,otro,"other, another one, another",Bad,limpiar,"to clean, (to) ice, (to) clear",Bad,te levantas,"(you) get up, (you) are getting up, (?) do you get up",Bad,,
166,Spanish,12,1,en efectivo,with cash,Good,felices,happy,Good,postre,dessert,Good,quince,"fifteen, (number) fifteen",Good,sopa,soup,Bad,dieciocho,"eighteen, number eighteen",Bad,mayor,"elderly, old, biggest",Bad,padres,"parents, fathers",Bad,,
167,Spanish,12,2,le gusta,"(he) likes, likes, (?) do you like",Good,ti,"you, yourself",Good,diecinueve,"nineteen, number nineteen",Good,talla,"size, carve",Good,escuchar,"hear, (to) listen, (to) listen to",Bad,cierra,"(you) close, (?) does it close, lock",Bad,mí,me,Bad,tristes,sad,Bad,,
168,Spanish,12,3,baloncesto,basketball,Good,emocionados,excited,Good,cuesta,"is, it's hard, (it) is",Good,dólar,dollar,Good,nos gusta,"(we) like, like",Bad,nos encanta,"we love, love",Bad,deporte,"sport, sports",Bad,diecisiete,"seventeen, number seventeen",Bad,,
169,Spanish,12,4,dieciséis,sixteen,Good,menor,"little, younger, youngest",Good,frito,"fried, fry",Good,cuestan,"(they) cost, (?) do they cost, are",Good,catorce,fourteen,Bad,precio,"price, charge, deal",Bad,probador,fitting room,Bad,trece,"thirteen, (number) thirteen",Bad,,
170,Spanish,12,5,guitarra,guitar,Good,peso,"(I) weigh out, shot, weight",Good,tocar,"to play, to touch, (to) touch",Good,me puedo probar,(?) can I try on,Good,marido,husband,Bad,le encanta,"loves, (he) loves, (?) do you love",Bad,películas,"movies, films",Bad,se llaman,"(?) are the names of, their names are, (they) are called",Bad,,
171,Spanish,12,6,veinte,"twenty, (number) twenty",Good,nuestro,"our, ours",Good,familias,families,Good,abre,"(it) opens, (?) does it open, open",Good,tarjeta de crédito,"credit card, credit",Bad,conciertos,"concerts, concert",Bad,buscar,"to look for, (to) look for, (to) look up",Bad,nervioso,"nervous, tense",Bad,,
172,Spanish,12,7,piano,piano,Good,de compras,shopping,Good,en efectivo,with cash,Good,felices,happy,Good,postre,dessert,Bad,quince,"fifteen, (number) fifteen",Bad,sopa,soup,Bad,dieciocho,"eighteen, number eighteen",Bad,,
173,Spanish,12,8,mayor,"elderly, old, biggest",Good,padres,"parents, fathers",Good,le gusta,"(he) likes, likes, (?) do you like",Good,ti,"you, yourself",Good,diecinueve,"nineteen, number nineteen",Bad,talla,"size, carve",Bad,escuchar,"hear, (to) listen, (to) listen to",Bad,cierra,"(you) close, (?) does it close, lock",Bad,,
174,Spanish,12,9,mí,me,Good,tristes,sad,Good,baloncesto,basketball,Good,emocionados,excited,Good,cuesta,"is, it's hard, (it) is",Bad,dólar,dollar,Bad,nos gusta,"(we) like, like",Bad,nos encanta,"we love, love",Bad,,
175,Spanish,12,10,deporte,"sport, sports",Good,diecisiete,"seventeen, number seventeen",Good,dieciséis,sixteen,Good,menor,"little, younger, youngest",Good,frito,"fried, fry",Bad,cuestan,"(they) cost, (?) do they cost, are",Bad,catorce,fourteen,Bad,precio,"price, charge, deal",Bad,,
176,Spanish,12,11,probador,fitting room,Good,trece,"thirteen, (number) thirteen",Good,guitarra,guitar,Good,peso,"(I) weigh out, shot, weight",Good,tocar,"to play, to touch, (to) touch",Bad,me puedo probar,(?) can I try on,Bad,marido,husband,Bad,le encanta,"loves, (he) loves, (?) do you love",Bad,,
177,Spanish,12,12,películas,"movies, films",Good,se llaman,"(?) are the names of, their names are, (they) are called",Good,veinte,"twenty, (number) twenty",Good,nuestro,"our, ours",Good,familias,families,Bad,abre,"(it) opens, (?) does it open, open",Bad,tarjeta de crédito,"credit card, credit",Bad,conciertos,"concerts, concert",Bad,,
178,Spanish,12,13,buscar,"to look for, (to) look for, (to) look up",Good,nervioso,"nervous, tense",Good,piano,piano,Good,de compras,shopping,Good,en efectivo,with cash,Bad,felices,happy,Bad,postre,dessert,Bad,quince,"fifteen, (number) fifteen",Bad,,
179,Spanish,12,14,sopa,soup,Good,dieciocho,"eighteen, number eighteen",Good,mayor,"elderly, old, biggest",Good,padres,"parents, fathers",Good,le gusta,"(he) likes, likes, (?) do you like",Bad,ti,"you, yourself",Bad,diecinueve,"nineteen, number nineteen",Bad,talla,"size, carve",Bad,,
180,Spanish,12,15,escuchar,"hear, (to) listen, (to) listen to",Good,cierra,"(you) close, (?) does it close, lock",Good,mí,me,Good,tristes,sad,Good,baloncesto,basketball,Bad,emocionados,excited,Bad,cuesta,"is, it's hard, (it) is",Bad,dólar,dollar,Bad,,
181,Spanish,13,1,limpio,"wash, clearer, I am cleaning",Good,montar,"riding, (to) ride, ride",Good,amarillo,yellow,Good,tiempo,"time, to play for time, weather",Good,ayudar,"help, assist, helping",Bad,abierto,"made, open, raised",Bad,sucio,dirty,Bad,tele,"TV, television, telly",Bad,,
182,Spanish,13,2,llamar,"calling, hails, telephone",Good,responsable,"responsible, reliable",Good,usualmente,"usually, normally",Good,ver,"saw, (to) look, watching",Good,gente,"people, good, kind",Bad,para él,in his opinion,Bad,rubio,blond,Bad,a nosotros,us,Bad,,
183,Spanish,13,3,zoológico,zoo,Good,amar,"(to) love, love",Good,caballo,"horse, horses",Good,país,"country, land",Good,pasar,"passing, go, spending",Bad,a él,he,Bad,perezoso,lazy,Bad,parte,"part, leaves, some",Bad,,
184,Spanish,13,4,pueblos,"towns, peoples, small town",Good,visitar,"(to) visit, visiting, visit",Good,inteligentes,"intelligent, smart",Good,pelota,ball,Good,normalmente,"normally, usually",Bad,les gusta,"(?) do they like, (they) like, like",Bad,moreno,"darker, dark-haired, brunette",Bad,les encanta,"(?) do they love, (they) love, loves",Bad,,
185,Spanish,13,5,persona,person,Good,conozco,"know, I'm familiar with, (I) know",Good,guapo,"good-looking, handsome, dressed-up",Good,conoces,"(you) know, (?) are you familiar with, (?) have you known",Good,aquel,that,Bad,estudioso,studious,Bad,negro,black,Bad,conocer,"to meet, know, (to) know",Bad,,
186,Spanish,13,6,río,"Rio, (I) am laughing, river",Good,adulto,adult,Good,cuántos años,how old,Good,a mí,"i, me",Good,tenis,"tennis, plimsoll, running shoe",Bad,para ella,in her opinion,Bad,a ti,you,Bad,enseñar,"(to) teach, teach, taught",Bad,,
187,Spanish,13,7,alguno,"any, some (people), one",Good,lugar,"location, place, stood",Good,limpio,"wash, clearer, I am cleaning",Good,montar,"riding, (to) ride, ride",Good,amarillo,yellow,Bad,tiempo,"time, to play for time, weather",Bad,ayudar,"help, assist, helping",Bad,abierto,"made, open, raised",Bad,,
188,Spanish,13,8,sucio,dirty,Good,tele,"TV, television, telly",Good,llamar,"calling, hails, telephone",Good,responsable,"responsible, reliable",Good,usualmente,"usually, normally",Bad,ver,"saw, (to) look, watching",Bad,gente,"people, good, kind",Bad,para él,in his opinion,Bad,,
189,Spanish,13,9,rubio,blond,Good,a nosotros,us,Good,zoológico,zoo,Good,amar,"(to) love, love",Good,caballo,"horse, horses",Bad,país,"country, land",Bad,pasar,"passing, go, spending",Bad,a él,he,Bad,,
190,Spanish,13,10,perezoso,lazy,Good,parte,"part, leaves, some",Good,pueblos,"towns, peoples, small town",Good,visitar,"(to) visit, visiting, visit",Good,inteligentes,"intelligent, smart",Bad,pelota,ball,Bad,normalmente,"normally, usually",Bad,les gusta,"(?) do they like, (they) like, like",Bad,,
191,Spanish,13,11,moreno,"darker, dark-haired, brunette",Good,les encanta,"(?) do they love, (they) love, loves",Good,persona,person,Good,conozco,"know, I'm familiar with, (I) know",Good,guapo,"good-looking, handsome, dressed-up",Bad,conoces,"(you) know, (?) are you familiar with, (?) have you known",Bad,aquel,that,Bad,estudioso,studious,Bad,,
192,Spanish,13,12,negro,black,Good,conocer,"to meet, know, (to) know",Good,río,"Rio, (I) am laughing, river",Good,adulto,adult,Good,cuántos años,how old,Bad,a mí,"i, me",Bad,tenis,"tennis, plimsoll, running shoe",Bad,para ella,in her opinion,Bad,,
193,Spanish,13,13,a ti,you,Good,enseñar,"(to) teach, teach, taught",Good,alguno,"any, some (people), one",Good,lugar,"location, place, stood",Good,limpio,"wash, clearer, I am cleaning",Bad,montar,"riding, (to) ride, ride",Bad,amarillo,yellow,Bad,tiempo,"time, to play for time, weather",Bad,,
194,Spanish,13,14,ayudar,"help, assist, helping",Good,abierto,"made, open, raised",Good,sucio,dirty,Good,tele,"TV, television, telly",Good,llamar,"calling, hails, telephone",Bad,responsable,"responsible, reliable",Bad,usualmente,"usually, normally",Bad,ver,"saw, (to) look, watching",Bad,,
195,Spanish,13,15,gente,"people, good, kind",Good,para él,in his opinion,Good,rubio,blond,Good,a nosotros,us,Good,zoológico,zoo,Bad,amar,"(to) love, love",Bad,caballo,"horse, horses",Bad,país,"country, land",Bad,,
196,Spanish,14,1,me ama,(she) loves me,Good,alemán,German,Good,idioma,language,Good,veinticinco,twenty-five,Good,me enseña,"(she) is teaching me, (he) teaches me, (he) is teaching me",Bad,nos escuchan,(they) listen to us,Bad,me llaman,(they) call me,Bad,jugos,juices,Bad,,
197,Spanish,14,2,calor,"hot, warm, heat",Good,veintitrés,twenty-three,Good,te necesito,(I) need you,Good,pizza,pizza,Good,haces,"(you) make, (?) are you doing, made",Bad,veintiuno,"twenty-one, twenty first",Bad,largo,long,Bad,curso,"course, class, grade",Bad,,
198,Spanish,14,3,me escucha,"(he) listens to me, (she) listens to me, (you) listen to me",Good,nos compra,"(he) buys us, (she) buys us",Good,me compra,"(she) buys me, (he) is buying me, (he) buys me",Good,puesto,"(I) have on, put, on",Good,de verdad,"real, for real, really",Bad,hambre,"hunger, hungry",Bad,nos llamas,call us,Bad,nos,"we, for us, ourselves",Bad,,
199,Spanish,14,4,sueño,"tired, dream, sleepy",Good,nos visita,"(she) is visiting us, (he) visits us, (he) is visiting us",Good,señoritas,"ladies, girls, young ladies",Good,miedo,"scared, fear, afraid",Good,te compra,"(she) buys you, (he) buys you",Bad,te llamamos,(we) call you,Bad,me conoce,"(he) knows me, (you) know me, (she) knows me",Bad,te,"your, you, yourself",Bad,,
200,Spanish,14,5,frío,"cold, (I) fry, (I) waste",Good,veinticuatro,twenty-four,Good,animal,animal,Good,ganas,"(you) win, (you) earn, make",Good,muñeca,"doll, wrist",Bad,jóvenes,"young, young people, young women",Bad,me,"myself, I, me",Bad,almuerzo,"lunch, (I) eat lunch",Bad,,
201,Spanish,14,6,te visitan,(they) visit you,Good,nos ayudan,(they) help us,Good,te conozco,(I) know you,Good,veintidós,twenty-two,Good,veintiún,twenty-one,Bad,me ayudas,"(you) help me, (?) can you help me, (?) will you help me",Bad,nos conocen,"(they) know us, they've known us",Bad,me necesita,"(she) needs me, (he) needs me",Bad,,
202,Spanish,14,7,bailar,"(to) dance, how to dance, dancing",Good,sed,"thirsty, thirst",Good,me ama,(she) loves me,Good,alemán,German,Good,idioma,language,Bad,veinticinco,twenty-five,Bad,me enseña,"(she) is teaching me, (he) teaches me, (he) is teaching me",Bad,nos escuchan,(they) listen to us,Bad,,
203,Spanish,14,8,me llaman,(they) call me,Good,jugos,juices,Good,calor,"hot, warm, heat",Good,veintitrés,twenty-three,Good,te necesito,(I) need you,Bad,pizza,pizza,Bad,haces,"(you) make, (?) are you doing, made",Bad,veintiuno,"twenty-one, twenty first",Bad,,
204,Spanish,14,9,largo,long,Good,curso,"course, class, grade",Good,me escucha,"(he) listens to me, (she) listens to me, (you) listen to me",Good,nos compra,"(he) buys us, (she) buys us",Good,me compra,"(she) buys me, (he) is buying me, (he) buys me",Bad,puesto,"(I) have on, put, on",Bad,de verdad,"real, for real, really",Bad,hambre,"hunger, hungry",Bad,,
205,Spanish,14,10,nos llamas,call us,Good,nos,"we, for us, ourselves",Good,sueño,"tired, dream, sleepy",Good,nos visita,"(she) is visiting us, (he) visits us, (he) is visiting us",Good,señoritas,"ladies, girls, young ladies",Bad,miedo,"scared, fear, afraid",Bad,te compra,"(she) buys you, (he) buys you",Bad,te llamamos,(we) call you,Bad,,
206,Spanish,14,11,me conoce,"(he) knows me, (you) know me, (she) knows me",Good,te,"your, you, yourself",Good,frío,"cold, (I) fry, (I) waste",Good,veinticuatro,twenty-four,Good,animal,animal,Bad,ganas,"(you) win, (you) earn, make",Bad,muñeca,"doll, wrist",Bad,jóvenes,"young, young people, young women",Bad,,
207,Spanish,14,12,me,"myself, I, me",Good,almuerzo,"lunch, (I) eat lunch",Good,te visitan,(they) visit you,Good,nos ayudan,(they) help us,Good,te conozco,(I) know you,Bad,veintidós,twenty-two,Bad,veintiún,twenty-one,Bad,me ayudas,"(you) help me, (?) can you help me, (?) will you help me",Bad,,
208,Spanish,14,13,nos conocen,"(they) know us, they've known us",Good,me necesita,"(she) needs me, (he) needs me",Good,bailar,"(to) dance, how to dance, dancing",Good,sed,"thirsty, thirst",Good,me ama,(she) loves me,Bad,alemán,German,Bad,idioma,language,Bad,veinticinco,twenty-five,Bad,,
209,Spanish,14,14,me enseña,"(she) is teaching me, (he) teaches me, (he) is teaching me",Good,nos escuchan,(they) listen to us,Good,me llaman,(they) call me,Good,jugos,juices,Good,calor,"hot, warm, heat",Bad,veintitrés,twenty-three,Bad,te necesito,(I) need you,Bad,pizza,pizza,Bad,,
210,Spanish,14,15,haces,"(you) make, (?) are you doing, made",Good,veintiuno,"twenty-one, twenty first",Good,largo,long,Good,curso,"course, class, grade",Good,me escucha,"(he) listens to me, (she) listens to me, (you) listen to me",Bad,nos compra,"(he) buys us, (she) buys us",Bad,me compra,"(she) buys me, (he) is buying me, (he) buys me",Bad,puesto,"(I) have on, put, on",Bad,,
211,Spanish,15,1,almorzar,"to have lunch, (to) have elevenses, (to) have a mid-morning snack",Good,me pongo,"(I) am putting on, I'm putting on, (I) put on",Good,empezamos,"(we) started, begin, (we) start",Good,vuelves,"(you) come back, (you) are going back, (you) return",Good,sale,"departs, issues, (he) is leaving",Bad,cierras,"(?) do you close, (?) can you close, (you) are closing",Bad,antes,"before, previously, first",Bad,almuerzan,"(they) eat lunch, (they) are having lunch, (you) have lunch",Bad,,
212,Spanish,15,2,poder,to be able to,Good,puedo,"(I) can, can, may I",Good,cena,"dinner, supper",Good,levantarse,"to get up, (to) take (oneself), (to) pinch (oneself)",Good,hago,"made, (I) make, make",Bad,prueban,"try, touch, (they) try",Bad,te pones,"(you) put on, (you) wear, (?) are you putting on",Bad,vuelven,"again, (they) are going back, (you) go back",Bad,,
213,Spanish,15,3,empiezo,"(I) am starting, (I) start, start",Good,pruebo,"try, touch, essay",Good,solo,"by itself, by myself, by yourself",Good,entiendo,"(I) can understand, understand, get",Good,cada,"every, each",Bad,se pone,"(he) puts on, (she) puts on, (?) is she putting on",Bad,después,"after, next, afterward",Bad,cosa,thing,Bad,,
214,Spanish,15,4,hacer,"to do, (to) do, (to) make",Good,ponerse,"to put on, (to) take (oneself), (to) fit (oneself)",Good,almorzamos,"(we) eat lunch, (we) have lunch, (we) are having lunch",Good,empezar,"to start, (to) begin, (to) open",Good,podemos,"can, (?) can we, (we) can",Bad,empiezan,"(they) are starting, (they) start, start",Bad,volver,"to go back, to return, come back",Bad,puede,"(I) may, (?) could you, (?) can you",Bad,,
215,Spanish,15,5,tarea,"homework, assignment, task",Good,diario,"paper, daily, newspaper",Good,empieza,"begin, (?) does it start, (it) begins",Good,tomo,"(I) drink, drink, (I) am taking",Good,cerrar,"to close, (to) close up, (to) close down",Bad,salgo,"(I) leave, I'm leaving, leaving",Bad,ducharse,"(to) shower, (to) take a shower, shower",Bad,volvemos,"(we) are going back, (we) return, (we) go",Bad,,
216,Spanish,15,6,semanas,"weeks, allowances, pocket money",Good,probamos,"(we) try, (we) are trying, try",Good,cerramos,"(we) closed, (we) close, (we) lock",Good,almuerzas,"(?) are you having lunch, (?) do you have lunch, lunch",Good,probar,"to try, (to) try on, (to) prove",Bad,desayuno,"breakfast, (I) eat breakfast",Bad,pueden,"(they) can, (you) could, may",Bad,prueba,"try, touch, quiz",Bad,,
217,Spanish,15,7,cierran,"(they) close, (you) are closing, close",Good,temprano,early,Good,almorzar,"to have lunch, (to) have elevenses, (to) have a mid-morning snack",Good,me pongo,"(I) am putting on, I'm putting on, (I) put on",Good,empezamos,"(we) started, begin, (we) start",Bad,vuelves,"(you) come back, (you) are going back, (you) return",Bad,sale,"departs, issues, (he) is leaving",Bad,cierras,"(?) do you close, (?) can you close, (you) are closing",Bad,,
218,Spanish,15,8,antes,"before, previously, first",Good,almuerzan,"(they) eat lunch, (they) are having lunch, (you) have lunch",Good,poder,to be able to,Good,puedo,"(I) can, can, may I",Good,cena,"dinner, supper",Bad,levantarse,"to get up, (to) take (oneself), (to) pinch (oneself)",Bad,hago,"made, (I) make, make",Bad,prueban,"try, touch, (they) try",Bad,,
219,Spanish,15,9,te pones,"(you) put on, (you) wear, (?) are you putting on",Good,vuelven,"again, (they) are going back, (you) go back",Good,empiezo,"(I) am starting, (I) start, start",Good,pruebo,"try, touch, essay",Good,solo,"by itself, by myself, by yourself",Bad,entiendo,"(I) can understand, understand, get",Bad,cada,"every, each",Bad,se pone,"(he) puts on, (she) puts on, (?) is she putting on",Bad,,
220,Spanish,15,10,después,"after, next, afterward",Good,cosa,thing,Good,hacer,"to do, (to) do, (to) make",Good,ponerse,"to put on, (to) take (oneself), (to) fit (oneself)",Good,almorzamos,"(we) eat lunch, (we) have lunch, (we) are having lunch",Bad,empezar,"to start, (to) begin, (to) open",Bad,podemos,"can, (?) can we, (we) can",Bad,empiezan,"(they) are starting, (they) start, start",Bad,,
221,Spanish,15,11,volver,"to go back, to return, come back",Good,puede,"(I) may, (?) could you, (?) can you",Good,tarea,"homework, assignment, task",Good,diario,"paper, daily, newspaper",Good,empieza,"begin, (?) does it start, (it) begins",Bad,tomo,"(I) drink, drink, (I) am taking",Bad,cerrar,"to close, (to) close up, (to) close down",Bad,salgo,"(I) leave, I'm leaving, leaving",Bad,,
222,Spanish,15,12,ducharse,"(to) shower, (to) take a shower, shower",Good,volvemos,"(we) are going back, (we) return, (we) go",Good,semanas,"weeks, allowances, pocket money",Good,probamos,"(we) try, (we) are trying, try",Good,cerramos,"(we) closed, (we) close, (we) lock",Bad,almuerzas,"(?) are you having lunch, (?) do you have lunch, lunch",Bad,probar,"to try, (to) try on, (to) prove",Bad,desayuno,"breakfast, (I) eat breakfast",Bad,,
223,Spanish,15,13,pueden,"(they) can, (you) could, may",Good,prueba,"try, touch, quiz",Good,cierran,"(they) close, (you) are closing, close",Good,temprano,early,Good,almorzar,"to have lunch, (to) have elevenses, (to) have a mid-morning snack",Bad,me pongo,"(I) am putting on, I'm putting on, (I) put on",Bad,empezamos,"(we) started, begin, (we) start",Bad,vuelves,"(you) come back, (you) are going back, (you) return",Bad,,
224,Spanish,15,14,sale,"departs, issues, (he) is leaving",Good,cierras,"(?) do you close, (?) can you close, (you) are closing",Good,antes,"before, previously, first",Good,almuerzan,"(they) eat lunch, (they) are having lunch, (you) have lunch",Good,poder,to be able to,Bad,puedo,"(I) can, can, may I",Bad,cena,"dinner, supper",Bad,levantarse,"to get up, (to) take (oneself), (to) pinch (oneself)",Bad,,
225,Spanish,15,15,hago,"made, (I) make, make",Good,prueban,"try, touch, (they) try",Good,te pones,"(you) put on, (you) wear, (?) are you putting on",Good,vuelven,"again, (they) are going back, (you) go back",Good,empiezo,"(I) am starting, (I) start, start",Bad,pruebo,"try, touch, essay",Bad,solo,"by itself, by myself, by yourself",Bad,entiendo,"(I) can understand, understand, get",Bad,,
226,German,1,1,Mutter,mother,Good,ach,oh,Good,vier,four,Good,Mann,"husband, man, guy",Good,hallo,hello,Bad,tschüss,bye,Bad,Tee,tea,Bad,a,"A, ≅ M",Bad,,
227,German,1,2,Kaffee,coffee,Good,nett,nice,Good,lag,"lied, was lying, lay",Good,schön,beautiful,Good,Wasser,water,Bad,Hund,dog,Bad,bitte,please,Bad,ist,"is, there is, 's",Bad,,
228,German,1,3,meine,"mine, think, my",Good,nein,no,Good,Katze,cat,Good,klug,smart,Good,oder,or,Bad,Brot,bread,Bad,Maus,mouse,Bad,ie,ie,Bad,,
229,German,1,4,Bruder,brother,Good,ich,I,Good,bin,"am, will be, feel",Good,Milch,milk,Good,Wein,wine,Bad,die,"this, the, that",Bad,Schwester,sister,Bad,sehr,very,Bad,,
230,German,1,5,ja,yes,Good,Vater,father,Good,Tochter,daughter,Good,bist,"are, have been, were",Good,Junge,boy,Bad,der,"this, to the, of the",Bad,danke,thank you,Bad,groß,tall,Bad,,
231,German,1,6,und,and,Good,du,you,Good,Sohn,son,Good,eine,"an, a, one",Good,mein,my,Bad,Elefant,elephant,Bad,Bier,beer,Bad,jung,young,Bad,,
232,German,1,7,ein,"a, one, submit",Good,Frau,"woman, wife, Ms.",Good,Mutter,mother,Good,ach,oh,Good,vier,four,Bad,Mann,"husband, man, guy",Bad,hallo,hello,Bad,tschüss,bye,Bad,,
233,German,1,8,Tee,tea,Good,a,"A, ≅ M",Good,Kaffee,coffee,Good,nett,nice,Good,lag,"lied, was lying, lay",Bad,schön,beautiful,Bad,Wasser,water,Bad,Hund,dog,Bad,,
234,German,1,9,bitte,please,Good,ist,"is, there is, 's",Good,meine,"mine, think, my",Good,nein,no,Good,Katze,cat,Bad,klug,smart,Bad,oder,or,Bad,Brot,bread,Bad,,
235,German,1,10,Maus,mouse,Good,ie,ie,Good,Bruder,brother,Good,ich,I,Good,bin,"am, will be, feel",Bad,Milch,milk,Bad,Wein,wine,Bad,die,"this, the, that",Bad,,
236,German,1,11,Schwester,sister,Good,sehr,very,Good,ja,yes,Good,Vater,father,Good,Tochter,daughter,Bad,bist,"are, have been, were",Bad,Junge,boy,Bad,der,"this, to the, of the",Bad,,
237,German,1,12,danke,thank you,Good,groß,tall,Good,und,and,Good,du,you,Good,Sohn,son,Bad,eine,"an, a, one",Bad,mein,my,Bad,Elefant,elephant,Bad,,
238,German,1,13,Bier,beer,Good,jung,young,Good,ein,"a, one, submit",Good,Frau,"woman, wife, Ms.",Good,Mutter,mother,Bad,ach,oh,Bad,vier,four,Bad,Mann,"husband, man, guy",Bad,,
239,German,1,14,hallo,hello,Good,tschüss,bye,Good,Tee,tea,Good,a,"A, ≅ M",Good,Kaffee,coffee,Bad,nett,nice,Bad,lag,"lied, was lying, lay",Bad,schön,beautiful,Bad,,
240,German,1,15,Wasser,water,Good,Hund,dog,Good,bitte,please,Good,ist,"is, there is, 's",Good,meine,"mine, think, my",Bad,nein,no,Bad,Katze,cat,Bad,klug,smart,Bad,,
241,German,2,1,heiß,hot,Good,klein,small,Good,es tut mir leid,I am sorry,Good,sah,"saw, looked, watched",Good,prost,cheers,Bad,Amerika,America,Bad,zu,"with, for, too",Bad,kalt,cold,Bad,,
242,German,2,2,natürlich,of course,Good,Rechnung,check,Good,wie geht's,how are you?,Good,Kanada,Canada,Good,lecker,delicious,Bad,hier,here,Bad,Salat,salad,Bad,in,"in, with, inside",Bad,,
243,German,2,3,Entschuldigung,"sorry, excuse me, apologies",Good,Mineralwasser,mineral water,Good,Essen,food,Good,Restaurant,restaurant,Good,bis später,see you later,Bad,kommst,"come, are coming, are",Bad,wunderbar,"wonderful, splendid, excellent",Bad,woher,"where, from, where from",Bad,,
244,German,2,4,oh,"oh, aw",Good,er,"it's, he's, him",Good,es geht,I'm all right,Good,Käse,cheese,Good,Pizza,pizza,Bad,Eule,owl,Bad,Salz,salt,Bad,auf Wiedersehen,goodbye,Bad,,
245,German,2,5,Speisekarte,menu,Good,gut,good,Good,wo,where,Good,Kellner,waiter,Good,guten Tag,hello,Bad,bis bald,see you soon,Bad,Wurst,sausage,Bad,Schnitzel,"schnitzel, schnitzels",Bad,,
246,German,2,6,Sandwich,sandwich,Good,Ei,egg,Good,Deutschland,Germany,Good,super,"super, great, fantastic",Good,das,"that, this, so",Bad,OK,OK,Bad,mit,with,Bad,Bär,bear,Bad,,
247,German,2,7,ehe,"anyways, in any case, marriage",Good,Österreich,Austria,Good,heiß,hot,Good,klein,small,Good,es tut mir leid,I am sorry,Bad,sah,"saw, looked, watched",Bad,prost,cheers,Bad,Amerika,America,Bad,,
248,German,2,8,zu,"with, for, too",Good,kalt,cold,Good,natürlich,of course,Good,Rechnung,check,Good,wie geht's,how are you?,Bad,Kanada,Canada,Bad,lecker,delicious,Bad,hier,here,Bad,,
249,German,2,9,Salat,salad,Good,in,"in, with, inside",Good,Entschuldigung,"sorry, excuse me, apologies",Good,Mineralwasser,mineral water,Good,Essen,food,Bad,Restaurant,restaurant,Bad,bis später,see you later,Bad,kommst,"come, are coming, are",Bad,,
250,German,2,10,wunderbar,"wonderful, splendid, excellent",Good,woher,"where, from, where from",Good,oh,"oh, aw",Good,er,"it's, he's, him",Good,es geht,I'm all right,Bad,Käse,cheese,Bad,Pizza,pizza,Bad,Eule,owl,Bad,,
251,German,2,11,Salz,salt,Good,auf Wiedersehen,goodbye,Good,Speisekarte,menu,Good,gut,good,Good,wo,where,Bad,Kellner,waiter,Bad,guten Tag,hello,Bad,bis bald,see you soon,Bad,,
252,German,2,12,Wurst,sausage,Good,Schnitzel,"schnitzel, schnitzels",Good,Sandwich,sandwich,Good,Ei,egg,Good,Deutschland,Germany,Bad,super,"super, great, fantastic",Bad,das,"that, this, so",Bad,OK,OK,Bad,,
253,German,2,13,mit,with,Good,Bär,bear,Good,ehe,"anyways, in any case, marriage",Good,Österreich,Austria,Good,heiß,hot,Bad,klein,small,Bad,es tut mir leid,I am sorry,Bad,sah,"saw, looked, watched",Bad,,
254,German,2,14,prost,cheers,Good,Amerika,America,Good,zu,"with, for, too",Good,kalt,cold,Good,natürlich,of course,Bad,Rechnung,check,Bad,wie geht's,how are you?,Bad,Kanada,Canada,Bad,,
255,German,2,15,lecker,delicious,Good,hier,here,Good,Salat,salad,Good,in,"in, with, inside",Good,Entschuldigung,"sorry, excuse me, apologies",Bad,Mineralwasser,mineral water,Bad,Essen,food,Bad,Restaurant,restaurant,Bad,,
256,German,3,1,eh,"in any case, hey, anyway",Good,was,what,Good,Ärztin,"doctor, a doctor",Good,aufregend,"exciting, thrilling",Good,Wien,Vienna,Bad,schwimmt,"swim, is swimming, are floating",Bad,Schach,chess,Bad,nie,never,Bad,,
257,German,3,2,malt,"is drawing, paints, draws",Good,oft,often,Good,kochst,"are boiling, make, boil",Good,Frankreich,France,Good,Student,"college student, university student, student",Bad,malst,"are painting, paint",Bad,auch,"also, as well, too",Bad,dein,your,Bad,,
258,German,3,3,male,"paint, am painting, draw",Good,aber,"but, however",Good,aus,"made of, out, off",Good,Beruf,"profession, job, occupation",Good,manchmal,"sometimes, at times",Bad,cool,cool,Bad,München,Munich,Bad,koche,"am making, make, will cook",Bad,,
259,German,3,4,teuer,"expensive, costly, dear",Good,interessant,interesting,Good,Kellnerin,"waitress, server",Good,deine,"your, yours",Good,kocht,"make, cooks, is cooking",Bad,Schauspielerin,"actress, actor",Bad,schwimme,"swim, am swimming, swimming",Bad,Arzt,"doctor, physician",Bad,,
260,German,3,5,Professor,"professor, a professor",Good,laut,"loud, noisy, loudly",Good,stressig,stressful,Good,au,"ow, oh, ouch",Good,Professorin,"professor, a professor",Bad,acht,eight,Bad,spielt,"is, are playing, is playing",Bad,Arbeit,"work, piece of work, job",Bad,,
261,German,3,6,Freundin,"girlfriend, friend, friend's",Good,Studentin,"a student, college student, student",Good,immer,always,Good,Lehrerin,"teacher, a teacher",Good,Schauspieler,actor,Bad,Stadt,"city, town",Bad,schwimmst,"swim, are floating, float",Bad,Lehrer,"teacher, instructor, schoolteacher",Bad,,
262,German,3,7,komme,"come, will come, am coming",Good,sie,she,Good,eh,"in any case, hey, anyway",Good,was,what,Good,Ärztin,"doctor, a doctor",Bad,aufregend,"exciting, thrilling",Bad,Wien,Vienna,Bad,schwimmt,"swim, is swimming, are floating",Bad,,
263,German,3,8,Schach,chess,Good,nie,never,Good,malt,"is drawing, paints, draws",Good,oft,often,Good,kochst,"are boiling, make, boil",Bad,Frankreich,France,Bad,Student,"college student, university student, student",Bad,malst,"are painting, paint",Bad,,
264,German,3,9,auch,"also, as well, too",Good,dein,your,Good,male,"paint, am painting, draw",Good,aber,"but, however",Good,aus,"made of, out, off",Bad,Beruf,"profession, job, occupation",Bad,manchmal,"sometimes, at times",Bad,cool,cool,Bad,,
265,German,3,10,München,Munich,Good,koche,"am making, make, will cook",Good,teuer,"expensive, costly, dear",Good,interessant,interesting,Good,Kellnerin,"waitress, server",Bad,deine,"your, yours",Bad,kocht,"make, cooks, is cooking",Bad,Schauspielerin,"actress, actor",Bad,,
266,German,3,11,schwimme,"swim, am swimming, swimming",Good,Arzt,"doctor, physician",Good,Professor,"professor, a professor",Good,laut,"loud, noisy, loudly",Good,stressig,stressful,Bad,au,"ow, oh, ouch",Bad,Professorin,"professor, a professor",Bad,acht,eight,Bad,,
267,German,3,12,spielt,"is, are playing, is playing",Good,Arbeit,"work, piece of work, job",Good,Freundin,"girlfriend, friend, friend's",Good,Studentin,"a student, college student, student",Good,immer,always,Bad,Lehrerin,"teacher, a teacher",Bad,Schauspieler,actor,Bad,Stadt,"city, town",Bad,,
268,German,3,13,schwimmst,"swim, are floating, float",Good,Lehrer,"teacher, instructor, schoolteacher",Good,komme,"come, will come, am coming",Good,sie,she,Good,eh,"in any case, hey, anyway",Bad,was,what,Bad,Ärztin,"doctor, a doctor",Bad,aufregend,"exciting, thrilling",Bad,,
269,German,3,14,Wien,Vienna,Good,schwimmt,"swim, is swimming, are floating",Good,Schach,chess,Good,nie,never,Good,malt,"is drawing, paints, draws",Bad,oft,often,Bad,kochst,"are boiling, make, boil",Bad,Frankreich,France,Bad,,
270,German,3,15,Student,"college student, university student, student",Good,malst,"are painting, paint",Good,auch,"also, as well, too",Good,dein,your,Good,male,"paint, am painting, draw",Bad,aber,"but, however",Bad,aus,"made of, out, off",Bad,Beruf,"profession, job, occupation",Bad,,
271,German,4,1,leben,"lived, living, are living",Good,ha,ha,Good,lebe,"live, am living",Good,Bäckerei,"bakery, baker's",Good,kein,"any, no, not an",Bad,heiße,"hot, am called",Bad,heißen,"hot, name, go",Bad,Polizist,"police officer, policeman, a police officer",Bad,,
272,German,4,2,Künstler,"an artist, artists', performer",Good,spiele,"am playing, play, playing",Good,weit weg,"far away, far",Good,U-Bahnstation,subway station,Good,Kanzlerin,"chancellor, the chancellor, a chancellor",Bad,links,"on the left, left, to the left",Bad,spielst,"are playing, playing, play",Bad,Universität,"university, uni, college",Bad,,
273,German,4,3,billig,"cheap, inexpensive",Good,wie,"as, such, like",Good,Bahnhof,"train station, railway station, rail station",Good,da drüben,over there,Good,Schüler,"students, pupil, student",Bad,sind,"feel, have, are",Bad,kommen,"arrives, comes on, do come",Bad,je,"for each, per, once",Bad,,
274,German,4,4,sprechen,"speak, are speaking",Good,Apotheke,"pharmacy, drugstore, chemist",Good,Kino,"movie theater, cinema, movie theatre",Good,Hotel,hotel,Good,Kirche,"church, kirk",Bad,Café,"coffee shop, cafe, coffeehouse",Bad,Museum,museum,Bad,Supermarkt,"supermarket, grocery store",Bad,,
275,German,4,5,rechts,"on the right, right, the right",Good,Markt,"market, marketplace",Good,Park,park,Good,Sie,"They, It, your",Good,Herr,"Mr., gentleman",Bad,freut mich,"nice to meet you, nice",Bad,spreche,"am talking, speak, pronounce",Bad,Klavier,piano,Bad,,
276,German,4,6,lebst,"live, living",Good,alt,old,Good,in der Nähe,"close, nearby, near",Good,Geldautomat,"ATM, cash dispenser, cashpoint",Good,elegant,elegant,Bad,Bibliothek,library,Bad,Taxistand,taxi stand,Bad,Englisch,English,Bad,,
277,German,4,7,Deutsch,German,Good,neu,new,Good,leben,"lived, living, are living",Good,ha,ha,Good,lebe,"live, am living",Bad,Bäckerei,"bakery, baker's",Bad,kein,"any, no, not an",Bad,heiße,"hot, am called",Bad,,
278,German,4,8,heißen,"hot, name, go",Good,Polizist,"police officer, policeman, a police officer",Good,Künstler,"an artist, artists', performer",Good,spiele,"am playing, play, playing",Good,weit weg,"far away, far",Bad,U-Bahnstation,subway station,Bad,Kanzlerin,"chancellor, the chancellor, a chancellor",Bad,links,"on the left, left, to the left",Bad,,
279,German,4,9,spielst,"are playing, playing, play",Good,Universität,"university, uni, college",Good,billig,"cheap, inexpensive",Good,wie,"as, such, like",Good,Bahnhof,"train station, railway station, rail station",Bad,da drüben,over there,Bad,Schüler,"students, pupil, student",Bad,sind,"feel, have, are",Bad,,
280,German,4,10,kommen,"arrives, comes on, do come",Good,je,"for each, per, once",Good,sprechen,"speak, are speaking",Good,Apotheke,"pharmacy, drugstore, chemist",Good,Kino,"movie theater, cinema, movie theatre",Bad,Hotel,hotel,Bad,Kirche,"church, kirk",Bad,Café,"coffee shop, cafe, coffeehouse",Bad,,
281,German,4,11,Museum,museum,Good,Supermarkt,"supermarket, grocery store",Good,rechts,"on the right, right, the right",Good,Markt,"market, marketplace",Good,Park,park,Bad,Sie,"They, It, your",Bad,Herr,"Mr., gentleman",Bad,freut mich,"nice to meet you, nice",Bad,,
282,German,4,12,spreche,"am talking, speak, pronounce",Good,Klavier,piano,Good,lebst,"live, living",Good,alt,old,Good,in der Nähe,"close, nearby, near",Bad,Geldautomat,"ATM, cash dispenser, cashpoint",Bad,elegant,elegant,Bad,Bibliothek,library,Bad,,
283,German,4,13,Taxistand,taxi stand,Good,Englisch,English,Good,Deutsch,German,Good,neu,new,Good,leben,"lived, living, are living",Bad,ha,ha,Bad,lebe,"live, am living",Bad,Bäckerei,"bakery, baker's",Bad,,
284,German,4,14,kein,"any, no, not an",Good,heiße,"hot, am called",Good,heißen,"hot, name, go",Good,Polizist,"police officer, policeman, a police officer",Good,Künstler,"an artist, artists', performer",Bad,spiele,"am playing, play, playing",Bad,weit weg,"far away, far",Bad,U-Bahnstation,subway station,Bad,,
285,German,4,15,Kanzlerin,"chancellor, the chancellor, a chancellor",Good,links,"on the left, left, to the left",Good,spielst,"are playing, playing, play",Good,Universität,"university, uni, college",Good,billig,"cheap, inexpensive",Bad,wie,"as, such, like",Bad,Bahnhof,"train station, railway station, rail station",Bad,da drüben,over there,Bad,,
286,German,5,1,Kartoffeln,potatoes,Good,Anwältin,"lawyer, a lawyer",Good,kostet,"is, does cost, costs",Good,heute,today,Good,sieben,seven,Bad,drei,three,Bad,von,"from, 's, on",Bad,vielen Dank,thank you very much,Bad,,
287,German,5,2,schlecht,"bad, ill, poor",Good,,zero,Good,bewölkt,cloudy,Good,Dollar,"dollar, dollars",Good,wandern,"traveling, hiking, hike",Bad,wirklich,"really, actually, truly",Bad,im,"this, to the, in the",Bad,neblig,"foggy, misty",Bad,,
288,German,5,3,Russland,Russia,Good,gern geschehen,you are welcome,Good,regnet,"rains, is raining",Good,Marktplatz,"marketplace, market",Good,Döner,"doner kebab, kebab",Bad,jetzt,"now, at the moment, currently",Bad,Erdbeeren,strawberries,Bad,Herbst,"fall, autumn",Bad,,
289,German,5,4,sonnig,sunny,Good,wanderst,"hiking, hike, go hiking",Good,eins,one,Good,Orangen,oranges,Good,es,it,Bad,sechs,six,Bad,Wasserflasche,water bottle,Bad,zehn,ten,Bad,,
290,German,5,5,stark,"strong, hard, harder",Good,schneit,"is snowing, snows",Good,Kilo,"kilos of, kilo of, kilos",Good,Frühling,"spring, springtime",Good,wandere,"am hiking, go hiking, hike",Bad,Schweden,Sweden,Bad,Anwalt,"lawyer, barrister, solicitor",Bad,fünf,five,Bad,,
291,German,5,6,Schal,"scarf, shawl",Good,Wetter,weather,Good,habt,"did, have, meet",Good,Winter,"winters, winter",Good,Regenschirm,umbrella,Bad,zwei,two,Bad,Euro,"euros, euro",Bad,windig,windy,Bad,,
292,German,5,7,Tomaten,tomatoes,Good,neun,nine,Good,Kartoffeln,potatoes,Good,Anwältin,"lawyer, a lawyer",Good,kostet,"is, does cost, costs",Bad,heute,today,Bad,sieben,seven,Bad,drei,three,Bad,,
293,German,5,8,von,"from, 's, on",Good,vielen Dank,thank you very much,Good,schlecht,"bad, ill, poor",Good,,zero,Good,bewölkt,cloudy,Bad,Dollar,"dollar, dollars",Bad,wandern,"traveling, hiking, hike",Bad,wirklich,"really, actually, truly",Bad,,
294,German,5,9,im,"this, to the, in the",Good,neblig,"foggy, misty",Good,Russland,Russia,Good,gern geschehen,you are welcome,Good,regnet,"rains, is raining",Bad,Marktplatz,"marketplace, market",Bad,Döner,"doner kebab, kebab",Bad,jetzt,"now, at the moment, currently",Bad,,
295,German,5,10,Erdbeeren,strawberries,Good,Herbst,"fall, autumn",Good,sonnig,sunny,Good,wanderst,"hiking, hike, go hiking",Good,eins,one,Bad,Orangen,oranges,Bad,es,it,Bad,sechs,six,Bad,,
296,German,5,11,Wasserflasche,water bottle,Good,zehn,ten,Good,stark,"strong, hard, harder",Good,schneit,"is snowing, snows",Good,Kilo,"kilos of, kilo of, kilos",Bad,Frühling,"spring, springtime",Bad,wandere,"am hiking, go hiking, hike",Bad,Schweden,Sweden,Bad,,
297,German,5,12,Anwalt,"lawyer, barrister, solicitor",Good,fünf,five,Good,Schal,"scarf, shawl",Good,Wetter,weather,Good,habt,"did, have, meet",Bad,Winter,"winters, winter",Bad,Regenschirm,umbrella,Bad,zwei,two,Bad,,
298,German,5,13,Euro,"euros, euro",Good,windig,windy,Good,Tomaten,tomatoes,Good,neun,nine,Good,Kartoffeln,potatoes,Bad,Anwältin,"lawyer, a lawyer",Bad,kostet,"is, does cost, costs",Bad,heute,today,Bad,,
299,German,5,14,sieben,seven,Good,drei,three,Good,von,"from, 's, on",Good,vielen Dank,thank you very much,Good,schlecht,"bad, ill, poor",Bad,,zero,Bad,bewölkt,cloudy,Bad,Dollar,"dollar, dollars",Bad,,
300,German,5,15,wandern,"traveling, hiking, hike",Good,wirklich,"really, actually, truly",Good,im,"this, to the, in the",Good,neblig,"foggy, misty",Good,Russland,Russia,Bad,gern geschehen,you are welcome,Bad,regnet,"rains, is raining",Bad,Marktplatz,"marketplace, market",Bad,,
