group_id,language,level,group_number,word1,definition1,word2,definition2,word3,definition3,word4,definition4,word5,definition5,sentence,prompt,image
1,Spanish,1,1,lo siento,"sorry, I am sorry",perdón,"sorry, excuse me, pardon",por favor,please,manzana,"apple, block",hotel,"hotel, hotels",,,
2,Spanish,1,2,tú,"you, you'll",sí,"yes, yourself",hablas,"(?) do you speak, speak, talking",teléfono,phone,buenos días,good morning,,,
3,Spanish,1,3,mi,my,necesito,"need, (I) need, (?) do I need",mucho gusto,"nice to meet you, so nice to meet you",hombre,"man, bloke, guy",comes,"ate, (you) are eating, (?) do you eat",,,
4,Spanish,1,4,soy,"I am, am",disculpe,"excuse me, excuse!, (I/he/she/it/you) excuse",gracias,"thanks, thank you, party piece",adiós,goodbye,bebe,"(he) is drinking, (you) are drinking, (he) drinks",,,
5,Spanish,1,5,él,"he, him, it",buenas noches,"good night, good evening",no,"do not, wasn't, n't",español,"Spanish, Spaniard, Spanish man",la,"the, your, her",,,
6,Spanish,1,6,leche,milk,hablo,"(I) am talking, speak, talking",como,"(I) eat, (I) am eating, like",maleta,suitcase,de nada,"you're welcome, you are welcome",,,
7,Spanish,1,7,pan,"bread, bar, cake",el,"the, your, her",es,"is, are you, it's",en,in,bebo,"(I) drink, (I) am drinking, drink",,,
8,Spanish,1,8,come,"(it) eats, (?) do you eat, (she) eats",yo,"I, me",niño,"boy, child, kid",inglés,"English, British, Englishman",taxi,"taxi, cab",,,
9,Spanish,1,9,un,"a, an, one",niña,"girl, child, daughter",una,"a, an, one",mujer,"woman, wife, lady",agua,water,,,
10,Spanish,1,10,pasaporte,passport,hola,"hello, hi",bebes,"(?) do you drink, (you) drink, drink",ella,"she, her, she'll",eres,"you're, aren't being, (?) are you",,,
11,Spanish,1,11,lo siento,"sorry, I am sorry",perdón,"sorry, excuse me, pardon",por favor,please,manzana,"apple, block",hotel,"hotel, hotels",,,
12,Spanish,1,12,tú,"you, you'll",sí,"yes, yourself",hablas,"(?) do you speak, speak, talking",teléfono,phone,buenos días,good morning,,,
13,Spanish,1,13,mi,my,necesito,"need, (I) need, (?) do I need",mucho gusto,"nice to meet you, so nice to meet you",hombre,"man, bloke, guy",comes,"ate, (you) are eating, (?) do you eat",,,
14,Spanish,2,1,tres,three,queso,cheese,tomate,tomato,mesa,table,quiero,"(I) love, (I) want, want",,,
15,Spanish,2,2,dinero,money,tiene,"is, makes, (?) does it have",pagar,to pay,madre,mother,dos,two,,,
16,Spanish,2,3,hospital,"hospital, hospitals",vaso,glass,boleto,ticket,baño,bathroom,calle,street,,,
17,Spanish,2,4,de,"with, made of, off",azúcar,sugar,cerrado,closed,o,or,ensalada,salad,,,
18,Spanish,2,5,tengo,"I've got, is there, I'm having",café,coffee,personas,people,tren,train,reserva,reservation,,,
19,Spanish,2,6,a,"to, with, away",naranja,orange,sándwich,"sandwich, sandwiches",hamburguesa,"burger, hamburger",sin,"absent, without, with no",,,
20,Spanish,2,7,aeropuerto,airport,supermercado,supermarket,dónde,where,inteligente,intelligent,uno,one,,,
21,Spanish,2,8,museo,"museum, museums",cuenta,check,jugo,juice,restaurante,restaurant,con,with,,,
22,Spanish,2,9,tu,your,pescado,fish,banco,"bank, banks",autobús,bus,está,it is,,,
23,Spanish,2,10,taza,"cup, mug",para,for,aquí,here,sal,salt,carne,"meat, pork, beef",,,
24,Spanish,2,11,tres,three,queso,cheese,tomate,tomato,mesa,table,quiero,"(I) love, (I) want, want",,,
25,Spanish,2,12,dinero,money,tiene,"is, makes, (?) does it have",pagar,to pay,madre,mother,dos,two,,,
26,Spanish,2,13,hospital,"hospital, hospitals",vaso,glass,boleto,ticket,baño,bathroom,calle,street,,,
27,Spanish,3,1,ese,that,camiseta,T-shirt,gato,cat,cinturón,belt,gris,"gray, grey",,,
28,Spanish,3,2,carro,"car, automobile",abrigo,coat,hijo,son,y,and,perro,dog,,,
29,Spanish,3,3,hermano,brother,esposa,wife,esposo,husband,grande,big,hija,daughter,,,
30,Spanish,3,4,sombrero,hat,barato,cheap,casa,house,perfecto,perfect,azul,blue,,,
31,Spanish,3,5,elegante,elegant,chaqueta,jacket,vestido,dress,vivo,"alive, brighter, live",falda,skirt,,,
32,Spanish,3,6,familia,family,hermana,sister,apartamento,apartment,reloj,"watch, clock",favorita,favorite,,,
33,Spanish,3,7,bicicleta,bicycle,abuelo,grandfather,cómoda,"dresser, comfortable, convenient",marrón,brown,padre,"father, dad",,,
34,Spanish,3,8,tienda,store,interesante,interesting,ropa,clothes,abuela,grandmother,cartera,"purse, bag, wallet",,,
35,Spanish,3,9,este,this,tienes,"have, are, there's",camisa,"shirt, blouse, top",muy,very,diferente,different,,,
36,Spanish,3,10,bonito,pretty,verde,green,rojo,red,comprar,to buy,caro,expensive,,,
37,Spanish,3,11,ese,that,camiseta,T-shirt,gato,cat,cinturón,belt,gris,"gray, grey",,,
38,Spanish,3,12,carro,"car, automobile",abrigo,coat,hijo,son,y,and,perro,dog,,,
39,Spanish,3,13,hermano,brother,esposa,wife,esposo,husband,grande,big,hija,daughter,,,
40,Spanish,4,1,americana,American,buenas tardes,"good afternoon, good evening",difícil,difficult,universidad,"university, college",escribo,"contribute, (I) write, (I) am writing",,,
41,Spanish,4,2,España,Spain,estoy,"I'm, am, I am",señorita,"lady, miss, Ms.",clase,class,me llamo,my name is,,,
42,Spanish,4,3,cubano,Cuban,examen,exam,importante,important,estás,"you are, are, you're",bien,"ok, fine, well-to-do",,,
43,Spanish,4,4,pregunta,question,cómo,"how's, what, how",medicina,medicine,señora,"ma'am, woman, lady",mexicano,Mexican,,,
44,Spanish,4,5,estudio,"(I) am studying, study, (I) study",cubana,Cuban,estudiar,to study,cansado,"tired, made … tired, tired oneself out",libro,book,,,
45,Spanish,4,6,nombre,name,fácil,easy,profesor,professor,comprendo,understand,estudiante,student,,,
46,Spanish,4,7,mexicana,mexican,usted,"you, you'll",hasta mañana,see you tomorrow,leo,"I read, read, Leo",escribir,to write,,,
47,Spanish,4,8,demasiado,too,americano,American,maestro,teacher,escribes,"writing, (you) write, (?) are you writing",hasta luego,"see you later, I'll see you later",,,
48,Spanish,4,9,cansada,"tired, made … tired, tired oneself out",mucho,a lot,lees,"read, (you) are reading, (you) read",leer,to read,estudias,"(you) study, (?) have you been studyin, (?) do you study",,,
49,Spanish,4,10,bolígrafo,pen,computadora,computer,problema,"problems, matter, trouble",regalo,gift,escuela,school,,,
50,Spanish,4,11,americana,American,buenas tardes,"good afternoon, good evening",difícil,difficult,universidad,"university, college",escribo,"contribute, (I) write, (I) am writing",,,
51,Spanish,4,12,España,Spain,estoy,"I'm, am, I am",señorita,"lady, miss, Ms.",clase,class,me llamo,my name is,,,
52,Spanish,4,13,cubano,Cuban,examen,exam,importante,important,estás,"you are, are, you're",bien,"ok, fine, well-to-do",,,
53,Spanish,5,1,sábado,"Saturday, Sabbath",te llamas,"your name is, (?) is your name",uso,"(I) am wearing, (I) am using, (I) use",hablar,"to speak, to talk, (to) talk about",hoy,"today, nowadays",,,
54,Spanish,5,2,fiesta,"party, holiday, don't",jueves,"Thursday, Thursdays",lunes,"Monday, Mondays",béisbol,baseball,cómo está,how's,,,
55,Spanish,5,3,mañana,"tomorrow, morning, future",cuándo,when,día,day,ayuda,"help, (you-formal) help, (he/she/it) helps",fin de semana,weekend,,,
56,Spanish,5,4,ocupado,"busy, been on the game, concerned",divertido,fun,banana,banana,señor,"Mr., sir, gentleman",té,"tea, tea party",,,
57,Spanish,5,5,mal,"unwell, bad, ill",película,"movie, film",viernes,"Friday, Fridays",usas,"(?) do you use, (?) are you using, (?) do you wear",favorito,favorite,,,
58,Spanish,5,6,se llama,"(her) name is, (his) name is, (it) is called",francés,French,cumpleaños,"birthday, birthday party, birthdays",partido,"game, match, departed",estudia,"(you) study, (she) studies, (?) does he study",,,
59,Spanish,5,7,baile,"dance, dance!, dance hall",usa,"(she) is using, (he) is using, (?) does he wear",ocupada,busy,miércoles,"Wednesday, Wednesdays",necesitas,"(you) need, (?) do you need, need",,,
60,Spanish,5,8,necesita,"(?) does she need, (you) need, (?) does he need",fútbol,"soccer, football",feliz,"happy, apt, felicitous",disfruta,"(you) enjoy, (he) enjoys, (he) is enjoying",usar,"to use, to wear",,,
61,Spanish,5,9,domingo,"Sunday, Sabbath, allowance",divertida,"funny, fun",quiere,"mean, wants, (?) do you want",habla,"(he) is speaking, (?) does he speak, speaks",qué,"what, how",,,
62,Spanish,5,10,semana,"week, allowance, pocket money",concierto,"concert, (I) arrange, (I) agree",quieres,"(?) do you want, (you) want, (you) love",más,"more, any more, most",martes,"Tuesday, Tuesdays",,,
63,Spanish,5,11,sábado,"Saturday, Sabbath",te llamas,"your name is, (?) is your name",uso,"(I) am wearing, (I) am using, (I) use",hablar,"to speak, to talk, (to) talk about",hoy,"today, nowadays",,,
64,Spanish,5,12,fiesta,"party, holiday, don't",jueves,"Thursday, Thursdays",lunes,"Monday, Mondays",béisbol,baseball,cómo está,how's,,,
65,Spanish,5,13,mañana,"tomorrow, morning, future",cuándo,when,día,day,ayuda,"help, (you-formal) help, (he/she/it) helps",fin de semana,weekend,,,
66,Spanish,6,1,biblioteca,"library, bookcase, bookshelves",aprender,"to learn, learning, learn",ciudad,"city, town",esta,this,joven,"young, young man, young woman",,,
67,Spanish,6,2,Inglaterra,England,trabajas,"(?) have you been working, (?) do you work, you've worked",Europa,Europe,número,"number, act, constable",portugués,Portuguese,,,
68,Spanish,6,3,cuatro,"four, number four, four-stringed guitar",clases,"classes, to have classes, classrooms",celular,"cell phone, cellphone, cell",beber,"to drink, drink, drinking",novia,"girlfriend, bride, fiancée",,,
69,Spanish,6,4,bibliotecas,"libraries, bookshelves, bookcase",trabajar,to work,comer,"to eat, eat, eating",aprendo,"(I) am learning, learning, (I) learn",oficina,office,,,
70,Spanish,6,5,pueblo,"town, people, small town",bolígrafos,"pens, ballpoint pens",estudiantes,"students, university students, college students",ocho,"eight, number eight",médica,"doctor, medical",,,
71,Spanish,6,6,amigo,"friend, buddy, bud",novio,"boyfriend, fiancé, groom",vivir,"to live, live, (to) be alive",libros,books,cinco,"five, moment",,,
72,Spanish,6,7,vives,"live, (?) do you live, (you) live",amiga,friend,ser,"(to) be, be, made",computadoras,computers,vive,"(he) lives, live, (?) do you live",,,
73,Spanish,6,8,dirección,"direction, address, setting",aprende,"(she) is learning, (he) learns, (she) learns",maestra,teacher,trabajo,"work, (I) work, jobs",vino,"wine, (he/she/it/you) came, (he/she/it/you) arrived",,,
74,Spanish,6,9,camarero,"waiter, barman, bellboy",aprendes,"(?) are you learning, (you) learn, learn",preguntas,questions,fábrica,"factory, stonework",camarera,"waitress, barmaid, maid",,,
75,Spanish,6,10,Francia,France,quién,"who, who (singular), whom",médico,doctor,trabaja,"work, (you) are working, (she) is working",cero,"zero, nought, love",,,
76,Spanish,6,11,biblioteca,"library, bookcase, bookshelves",aprender,"to learn, learning, learn",ciudad,"city, town",esta,this,joven,"young, young man, young woman",,,
77,Spanish,6,12,Inglaterra,England,trabajas,"(?) have you been working, (?) do you work, you've worked",Europa,Europe,número,"number, act, constable",portugués,Portuguese,,,
78,Spanish,6,13,cuatro,"four, number four, four-stringed guitar",clases,"classes, to have classes, classrooms",celular,"cell phone, cellphone, cell",beber,"to drink, drink, drinking",novia,"girlfriend, bride, fiancée",,,
79,Spanish,7,1,nuevo,"new, newer, newest",negocio,"business, store, deal",qué tal,"how's, (?) how are you, how",española,Spanish,pequeña,"little, tiny, small",,,
80,Spanish,7,2,simpática,nice,carta,"letter, card",ahora,"now, a moment ago",su,"his, her, your formal",enojado,"annoyed, mad, angry",,,
81,Spanish,7,3,pequeño,"small , little ones, shorts",conmigo,with me,enfermo,"sick, ill",las,"your, the, their",bajo,short,,,
82,Spanish,7,4,cuál,"what, which, which one",tener,"to have, have",hijos,"children, sons",simpático,"nice, sympathetic, pleasant",los,"the, their, your",,,
83,Spanish,7,5,contento,"happier, happy, glad",mascota,"pets, pet, mascot",mensaje,"message, text",seis,six,correo electrónico,email,,,
84,Spanish,7,6,contigo,with you,aburrido,"boring, bored, uninteresting",diez,ten,papá,"dad, father",escritorio,desk,,,
85,Spanish,7,7,inglesa,English,secretario,"secretary, minister",por qué,"why, reason",emocionar,"move, moves",poco,"little, bit, a while",,,
86,Spanish,7,8,triste,"sad, dismal, gloomy",nueve,nine,año,year,escribe,"(?) does she write, (he) is writing, (you) write",siete,"seven, number seven, tear",,,
87,Spanish,7,9,también,"also, too, as well",lee,"lees, (she) is reading, read",jefe,"boss, manager",alta,"tall, high",alto,"tall, high, high ground",,,
88,Spanish,7,10,siempre,"always, providing (that), provided (that)",bonita,"nice, pretty, beautiful",baja,"turns down, goes down, low",italiano,Italian,preocupado,"anxious, worried, concerned",,,
89,Spanish,7,11,nuevo,"new, newer, newest",negocio,"business, store, deal",qué tal,"how's, (?) how are you, how",española,Spanish,pequeña,"little, tiny, small",,,
90,Spanish,7,12,simpática,nice,carta,"letter, card",ahora,"now, a moment ago",su,"his, her, your formal",enojado,"annoyed, mad, angry",,,
91,Spanish,7,13,pequeño,"small , little ones, shorts",conmigo,with me,enfermo,"sick, ill",las,"your, the, their",bajo,short,,,
92,Spanish,8,1,unas,"some, a few, a",bebé,baby,dormir,"to sleep, sleep, (to) fall asleep",nosotras,"we, we (feminine), us",usamos,"(we) used, (we) wear, (we) use",,,
93,Spanish,8,2,ellas,"they, them",somos,"we are, are, be",ustedes,"you guys, you, you all",carteras,"purses, wallets, satchels",cuántas,how many,,,
94,Spanish,8,3,muchos,"lots of, a lot of, many",a veces,sometimes,bonitos,"beautiful, nice, pretty",unos,"some, an, ones",muchas,"many, a lot of, lots of",,,
95,Spanish,8,4,pantalón,"trousers, pants",hablamos,"(we) speak, (we) are talking, speak",hablan,"spoken, speaks, speak",ciudades,"cities, towns",hombres,men,,,
96,Spanish,8,5,grandes,"big, too big, large",necesitamos,"(?) do we need, (we) need, need",un poco,"slightly, any, kind of",otra vez,again,me siento,"I've been feeling (since), I feel, I'm feeling",,,
97,Spanish,8,6,estudiamos,"study, (we) study, (we) studied",vacaciones,"vacation, vacations",verdes,"green, green (plural), 000 peseta note",mamá,"mom, mother",te sientes,"(?) do you feel, (?) are you feeling, (you)  feel",,,
98,Spanish,8,7,nosotros,"we, us",nunca,never,disfrutar,"to enjoy, enjoy",se siente,"(he) feels, (she) feels, (she) is feeling",nuevos,"new, newer, newest",,,
99,Spanish,8,8,estudian,"(they) are studying, (they) study, investigate",señoras,"ladies, Mrs.",son,"(?) are they, are, (they) are",bonitas,"nice, pretty, beautiful",mujeres,"women, wives",,,
100,Spanish,8,9,universidades,"universities, colleges",interesantes,interesting,fines de semana,weekends,ellos,"they, them",señores,"men, gentlemen, sirs",,,
101,Spanish,8,10,zapato,shoe,cuánto,"how much, what, how long",nuevas,"new, newer, newest",sorprendido,"surprised, shocked",jugador,player,,,
102,Spanish,8,11,unas,"some, a few, a",bebé,baby,dormir,"to sleep, sleep, (to) fall asleep",nosotras,"we, we (feminine), us",usamos,"(we) used, (we) wear, (we) use",,,
103,Spanish,8,12,ellas,"they, them",somos,"we are, are, be",ustedes,"you guys, you, you all",carteras,"purses, wallets, satchels",cuántas,how many,,,
104,Spanish,8,13,muchos,"lots of, a lot of, many",a veces,sometimes,bonitos,"beautiful, nice, pretty",unos,"some, an, ones",muchas,"many, a lot of, lots of",,,
105,Spanish,9,1,al,"to the, with, your",cerca,"close, near, nearby",queremos,"want, (we) want, love",escribimos,"(we) wrote, write, (we) write",leemos,"(we) are reading, (we) read, read",,,
106,Spanish,9,2,comen,"(?) do you eat, (?) are you eating, (they) eat",ir,"to go, (to) go, (to) go out",tus,"your, your (plural)",derecha,"right, right hand, right-hand",rojas,red,,,
107,Spanish,9,3,bueno,"well, all right, anyway",periódico,"newspaper, daily newspaper",arroz,rice,comida,"eaten, food, meal",viajar,"to travel, travel",,,
108,Spanish,9,4,estas,these,tomar,"to take, (to) take in, (to) have",quieren,"(they) want, (?) do you want, want",puerta,"door, gate",usan,"(they) use, (they) are wearing, wear",,,
109,Spanish,9,5,mis,my,comemos,"(we) eat, (we) are eating, (?) do you eat",sus,"your, his plural, her plural",al lado,next to,lejos,"far, far away, by far",,,
110,Spanish,9,6,vivimos,"live, (we) lived, (we) have lived",tarde,"late, afternoon, evening",casas,"houses, homes, you quash",parada,"stops, stop, caught",caminar,"to walk, walk",,,
111,Spanish,9,7,pequeños,"little, small, young",sándwiches,sandwiches,junto,"next, along, together",izquierda,left,estación,"station, stations, season",,,
112,Spanish,9,8,cerca de,close to,del,"of the, to the",restaurantes,restaurants,pequeñas,"little, small, tiny",necesitan,"(you) need, (they) need, need",,,
113,Spanish,9,9,rojos,red,estamos,"have been (since), (?) are we, (we) are",metro,"meters, meter, subway",correos electrónicos,emails,estos,these,,,
114,Spanish,9,10,playa,"beach, beaches",están,"you are, are, (they/you-plural) are",parque,"park, parks, parked",pollo,chicken,verano,"summer, summertime",,,
115,Spanish,9,11,al,"to the, with, your",cerca,"close, near, nearby",queremos,"want, (we) want, love",escribimos,"(we) wrote, write, (we) write",leemos,"(we) are reading, (we) read, read",,,
116,Spanish,9,12,comen,"(?) do you eat, (?) are you eating, (they) eat",ir,"to go, (to) go, (to) go out",tus,"your, your (plural)",derecha,"right, right hand, right-hand",rojas,red,,,
117,Spanish,9,13,bueno,"well, all right, anyway",periódico,"newspaper, daily newspaper",arroz,rice,comida,"eaten, food, meal",viajar,"to travel, travel",,,
118,Spanish,10,1,algo,"something, anything, a little",viven,"(?) do you live, (they) live, are living",van,"(you) go, go, (they) will",te gusta,"(you) like, (?) do you like, you",perros,dogs,,,
119,Spanish,10,2,televisión,"television, TV",leen,"(they) read, (you) are reading, (?) do you read",compran,"(they) buy, get, (they) are buying",porque,because,dibujar,"to draw, draw, to sketch",,,
120,Spanish,10,3,abren,"drive, get, (they) are opening",beben,"(?) are they drinking, (they) drink, drinks",vas,"(you) go, go, (you) are going",me encanta,love,aprendemos,"(we) learn, learn, (we) are learning",,,
121,Spanish,10,4,salimos,"(we) went out, (we) go out, leave",abrimos,"(we) open, we, (we) opened",salen,"(they) go out, (they) leave, (?) do they leave",abrir,"to open, (to) open out, (to) open up",noche,"night, evening",,,
122,Spanish,10,5,cine,"theater, movie theater, cinema",aprenden,"(they) learn, (they) are learning, (?) are you learning",trabajamos,"work, (we) worked, (we) work",chico,"boy, small",chocolate,chocolate,,,
123,Spanish,10,6,música,"music, composer, harmonica",va,"is, there is going to, (she) goes",escriben,"(they) are writing, (?) do you write, (they) write",voy,"go, I will leave, going",jugar,"to play, (to) play with, (to) game",,,
124,Spanish,10,7,me gusta,"(I) like, like",viejo,"old, old man",sábados,"Saturdays, Saturday, Sabbath",piscina,"pool, swimming pool",todo,"all, whole, everybody",,,
125,Spanish,10,8,días,days,trabajan,"(?) do they work, work, they've worked",a menudo,often,pero,"but, only",media,"meant, average, thirty",,,
126,Spanish,10,9,mirar,"to look, (to) look at, (to) watch",pastel,cake,correr,"to run, run, to race",compramos,"(?) are we buying, (we) bought, (we) buy",toma,"(she) takes, takes, (he) takes",,,
127,Spanish,10,10,te encanta,"(?) do you love, love",tomamos,"(?) should we have, made, we're drinking",salir,"to leave, to go out, to come out",vamos,"let's, we're going, (we) are going",nadar,"to swim, swimming, swim",,,
128,Spanish,10,11,algo,"something, anything, a little",viven,"(?) do you live, (they) live, are living",van,"(you) go, go, (they) will",te gusta,"(you) like, (?) do you like, you",perros,dogs,,,
129,Spanish,10,12,televisión,"television, TV",leen,"(they) read, (you) are reading, (?) do you read",compran,"(they) buy, get, (they) are buying",porque,because,dibujar,"to draw, draw, to sketch",,,
130,Spanish,10,13,abren,"drive, get, (they) are opening",beben,"(?) are they drinking, (they) drink, drinks",vas,"(you) go, go, (you) are going",me encanta,love,aprendemos,"(we) learn, learn, (we) are learning",,,
131,Spanish,11,1,cuchillo,knife,se ducha,"(she) showers, (he) showers, showers",cuchara,spoon,cocina,"(he) is cooking, (you) cook, kitchen",blanco,white,,,
132,Spanish,11,2,debajo,under,hora,"hour, time",planta,"plants, plant, floor",hay,"there is, there are, there's",tenedor,fork,,,
133,Spanish,11,3,ventana,window,te levantas,"(you) get up, (you) are getting up, (?) do you get up",estantería,"bookcase, bookshelf, shelf",domingos,"Sundays, Sunday, Sabbath",pintar,"to paint, to draw, paint",,,
134,Spanish,11,4,jardín,"garden, yard",tiene que,"(you) have to, (he) needs to, (she) must",doce,"twelve, number twelve",me ducho,"(I) shower, shower",plato,"dish, course, plate",,,
135,Spanish,11,5,puede traer,(?) can you bring,a qué hora,"when, (?) what time",habitación,"room, bedroom",sobre,"on, about, on top of",celulares,cell phones,,,
136,Spanish,11,6,bebida,drink,silla,chair,cama,bed,me levanto,(I) get up,tienen,"(they) are, (?) is there, make",,,
137,Spanish,11,7,limpiar,"to clean, (to) ice, (to) clear",tinto,red,te duchas,"(?) do you shower, (you) shower, (?) are you showering",nevera,"fridge, refrigerator",moderno,"modern, fashionable",,,
138,Spanish,11,8,tenemos,"we're having, (we) are, (?) do we have",se levanta,"(he) gets up, (?) does he get up, (?) are you getting up",cerveza,beer,patata,potato,tienes que,"(you) need, (you) have to, (you) must",,,
139,Spanish,11,9,otro,"other, another one, another",tengo que,"(I) need to, (I) have to, have",menús,menus,frijol,"food, bean",quisiera,"(I) would like, (I) wish, wanted",,,
140,Spanish,11,10,dormitorio,"room, bedroom, dormitory",sala,"lounge, living room, room",once,"eleven, number eleven",teléfonos,"phones, telephones",botella,bottle,,,
141,Spanish,11,11,cuchillo,knife,se ducha,"(she) showers, (he) showers, showers",cuchara,spoon,cocina,"(he) is cooking, (you) cook, kitchen",blanco,white,,,
142,Spanish,11,12,debajo,under,hora,"hour, time",planta,"plants, plant, floor",hay,"there is, there are, there's",tenedor,fork,,,
143,Spanish,11,13,ventana,window,te levantas,"(you) get up, (you) are getting up, (?) do you get up",estantería,"bookcase, bookshelf, shelf",domingos,"Sundays, Sunday, Sabbath",pintar,"to paint, to draw, paint",,,
144,Spanish,12,1,trece,"thirteen, (number) thirteen",dólar,dollar,menor,"little, younger, youngest",buscar,"to look for, (to) look for, (to) look up",mí,me,,,
145,Spanish,12,2,peso,"(I) weigh out, shot, weight",ti,"you, yourself",familias,families,piano,piano,de compras,shopping,,,
146,Spanish,12,3,dieciséis,sixteen,cierra,"(you) close, (?) does it close, lock",diecinueve,"nineteen, number nineteen",deporte,"sport, sports",me puedo probar,(?) can I try on,,,
147,Spanish,12,4,veinte,"twenty, (number) twenty",se llaman,"(?) are the names of, their names are, (they) are called",le encanta,"loves, (he) loves, (?) do you love",talla,"size, carve",nervioso,"nervous, tense",,,
148,Spanish,12,5,tocar,"to play, to touch, (to) touch",probador,fitting room,felices,happy,catorce,fourteen,cuestan,"(they) cost, (?) do they cost, are",,,
149,Spanish,12,6,cuesta,"is, it's hard, (it) is",escuchar,"hear, (to) listen, (to) listen to",marido,husband,películas,"movies, films",conciertos,"concerts, concert",,,
150,Spanish,12,7,le gusta,"(he) likes, likes, (?) do you like",quince,"fifteen, (number) fifteen",emocionados,excited,frito,"fried, fry",sopa,soup,,,
151,Spanish,12,8,abre,"(it) opens, (?) does it open, open",tristes,sad,en efectivo,with cash,tarjeta de crédito,"credit card, credit",guitarra,guitar,,,
152,Spanish,12,9,postre,dessert,baloncesto,basketball,nos encanta,"we love, love",nos gusta,"(we) like, like",mayor,"elderly, old, biggest",,,
153,Spanish,12,10,precio,"price, charge, deal",padres,"parents, fathers",diecisiete,"seventeen, number seventeen",nuestro,"our, ours",dieciocho,"eighteen, number eighteen",,,
154,Spanish,12,11,trece,"thirteen, (number) thirteen",dólar,dollar,menor,"little, younger, youngest",buscar,"to look for, (to) look for, (to) look up",mí,me,,,
155,Spanish,12,12,peso,"(I) weigh out, shot, weight",ti,"you, yourself",familias,families,piano,piano,de compras,shopping,,,
156,Spanish,12,13,dieciséis,sixteen,cierra,"(you) close, (?) does it close, lock",diecinueve,"nineteen, number nineteen",deporte,"sport, sports",me puedo probar,(?) can I try on,,,
157,Spanish,13,1,pueblos,"towns, peoples, small town",conocer,"to meet, know, (to) know",perezoso,lazy,les encanta,"(?) do they love, (they) love, loves",caballo,"horse, horses",,,
158,Spanish,13,2,ayudar,"help, assist, helping",inteligentes,"intelligent, smart",a nosotros,us,enseñar,"(to) teach, teach, taught",normalmente,"normally, usually",,,
159,Spanish,13,3,para ella,in her opinion,alguno,"any, some (people), one",responsable,"responsible, reliable",adulto,adult,sucio,dirty,,,
160,Spanish,13,4,río,"Rio, (I) am laughing, river",a mí,"i, me",llamar,"calling, hails, telephone",a él,he,montar,"riding, (to) ride, ride",,,
161,Spanish,13,5,a ti,you,moreno,"darker, dark-haired, brunette",negro,black,usualmente,"usually, normally",guapo,"good-looking, handsome, dressed-up",,,
162,Spanish,13,6,cuántos años,how old,abierto,"made, open, raised",tiempo,"time, to play for time, weather",parte,"part, leaves, some",aquel,that,,,
163,Spanish,13,7,tenis,"tennis, plimsoll, running shoe",estudioso,studious,rubio,blond,amarillo,yellow,pasar,"passing, go, spending",,,
164,Spanish,13,8,amar,"(to) love, love",conozco,"know, I'm familiar with, (I) know",lugar,"location, place, stood",zoológico,zoo,persona,person,,,
165,Spanish,13,9,limpio,"wash, clearer, I am cleaning",les gusta,"(?) do they like, (they) like, like",para él,in his opinion,conoces,"(you) know, (?) are you familiar with, (?) have you known",gente,"people, good, kind",,,
166,Spanish,13,10,visitar,"(to) visit, visiting, visit",ver,"saw, (to) look, watching",tele,"TV, television, telly",país,"country, land",pelota,ball,,,
167,Spanish,13,11,pueblos,"towns, peoples, small town",conocer,"to meet, know, (to) know",perezoso,lazy,les encanta,"(?) do they love, (they) love, loves",caballo,"horse, horses",,,
168,Spanish,13,12,ayudar,"help, assist, helping",inteligentes,"intelligent, smart",a nosotros,us,enseñar,"(to) teach, teach, taught",normalmente,"normally, usually",,,
169,Spanish,13,13,para ella,in her opinion,alguno,"any, some (people), one",responsable,"responsible, reliable",adulto,adult,sucio,dirty,,,
170,Spanish,14,1,bailar,"(to) dance, how to dance, dancing",te llamamos,(we) call you,me necesita,"(she) needs me, (he) needs me",me enseña,"(she) is teaching me, (he) teaches me, (he) is teaching me",calor,"hot, warm, heat",,,
171,Spanish,14,2,te visitan,(they) visit you,haces,"(you) make, (?) are you doing, made",de verdad,"real, for real, really",nos escuchan,(they) listen to us,veintiuno,"twenty-one, twenty first",,,
172,Spanish,14,3,alemán,German,sed,"thirsty, thirst",te conozco,(I) know you,nos llamas,call us,señoritas,"ladies, girls, young ladies",,,
173,Spanish,14,4,me escucha,"(he) listens to me, (she) listens to me, (you) listen to me",animal,animal,te,"your, you, yourself",me ama,(she) loves me,nos conocen,"(they) know us, they've known us",,,
174,Spanish,14,5,me conoce,"(he) knows me, (you) know me, (she) knows me",nos ayudan,(they) help us,puesto,"(I) have on, put, on",te necesito,(I) need you,sueño,"tired, dream, sleepy",,,
175,Spanish,14,6,almuerzo,"lunch, (I) eat lunch",veinticuatro,twenty-four,hambre,"hunger, hungry",me,"myself, I, me",muñeca,"doll, wrist",,,
176,Spanish,14,7,ganas,"(you) win, (you) earn, make",largo,long,nos compra,"(he) buys us, (she) buys us",me compra,"(she) buys me, (he) is buying me, (he) buys me",me ayudas,"(you) help me, (?) can you help me, (?) will you help me",,,
177,Spanish,14,8,idioma,language,veintiún,twenty-one,jugos,juices,veintitrés,twenty-three,jóvenes,"young, young people, young women",,,
178,Spanish,14,9,pizza,pizza,veinticinco,twenty-five,veintidós,twenty-two,nos,"we, for us, ourselves",me llaman,(they) call me,,,
179,Spanish,14,10,miedo,"scared, fear, afraid",curso,"course, class, grade",nos visita,"(she) is visiting us, (he) visits us, (he) is visiting us",frío,"cold, (I) fry, (I) waste",te compra,"(she) buys you, (he) buys you",,,
180,Spanish,14,11,bailar,"(to) dance, how to dance, dancing",te llamamos,(we) call you,me necesita,"(she) needs me, (he) needs me",me enseña,"(she) is teaching me, (he) teaches me, (he) is teaching me",calor,"hot, warm, heat",,,
181,Spanish,14,12,te visitan,(they) visit you,haces,"(you) make, (?) are you doing, made",de verdad,"real, for real, really",nos escuchan,(they) listen to us,veintiuno,"twenty-one, twenty first",,,
182,Spanish,14,13,alemán,German,sed,"thirsty, thirst",te conozco,(I) know you,nos llamas,call us,señoritas,"ladies, girls, young ladies",,,
183,Spanish,15,1,cierran,"(they) close, (you) are closing, close",entiendo,"(I) can understand, understand, get",se pone,"(he) puts on, (she) puts on, (?) is she putting on",empiezan,"(they) are starting, (they) start, start",me pongo,"(I) am putting on, I'm putting on, (I) put on",,,
184,Spanish,15,2,prueban,"try, touch, (they) try",puede,"(I) may, (?) could you, (?) can you",pueden,"(they) can, (you) could, may",sale,"departs, issues, (he) is leaving",prueba,"try, touch, quiz",,,
185,Spanish,15,3,ducharse,"(to) shower, (to) take a shower, shower",empieza,"begin, (?) does it start, (it) begins",hacer,"to do, (to) do, (to) make",semanas,"weeks, allowances, pocket money",cena,"dinner, supper",,,
186,Spanish,15,4,almorzamos,"(we) eat lunch, (we) have lunch, (we) are having lunch",empezar,"to start, (to) begin, (to) open",cierras,"(?) do you close, (?) can you close, (you) are closing",podemos,"can, (?) can we, (we) can",cada,"every, each",,,
187,Spanish,15,5,temprano,early,probamos,"(we) try, (we) are trying, try",vuelven,"again, (they) are going back, (you) go back",cosa,thing,tarea,"homework, assignment, task",,,
188,Spanish,15,6,antes,"before, previously, first",volver,"to go back, to return, come back",tomo,"(I) drink, drink, (I) am taking",desayuno,"breakfast, (I) eat breakfast",empiezo,"(I) am starting, (I) start, start",,,
189,Spanish,15,7,salgo,"(I) leave, I'm leaving, leaving",solo,"by itself, by myself, by yourself",cerramos,"(we) closed, (we) close, (we) lock",probar,"to try, (to) try on, (to) prove",empezamos,"(we) started, begin, (we) start",,,
190,Spanish,15,8,almorzar,"to have lunch, (to) have elevenses, (to) have a mid-morning snack",puedo,"(I) can, can, may I",pruebo,"try, touch, essay",poder,to be able to,cerrar,"to close, (to) close up, (to) close down",,,
191,Spanish,15,9,hago,"made, (I) make, make",ponerse,"to put on, (to) take (oneself), (to) fit (oneself)",vuelves,"(you) come back, (you) are going back, (you) return",diario,"paper, daily, newspaper",levantarse,"to get up, (to) take (oneself), (to) pinch (oneself)",,,
192,Spanish,15,10,volvemos,"(we) are going back, (we) return, (we) go",después,"after, next, afterward",te pones,"(you) put on, (you) wear, (?) are you putting on",almuerzan,"(they) eat lunch, (they) are having lunch, (you) have lunch",almuerzas,"(?) are you having lunch, (?) do you have lunch, lunch",,,
193,Spanish,15,11,cierran,"(they) close, (you) are closing, close",entiendo,"(I) can understand, understand, get",se pone,"(he) puts on, (she) puts on, (?) is she putting on",empiezan,"(they) are starting, (they) start, start",me pongo,"(I) am putting on, I'm putting on, (I) put on",,,
194,Spanish,15,12,prueban,"try, touch, (they) try",puede,"(I) may, (?) could you, (?) can you",pueden,"(they) can, (you) could, may",sale,"departs, issues, (he) is leaving",prueba,"try, touch, quiz",,,
195,Spanish,15,13,ducharse,"(to) shower, (to) take a shower, shower",empieza,"begin, (?) does it start, (it) begins",hacer,"to do, (to) do, (to) make",semanas,"weeks, allowances, pocket money",cena,"dinner, supper",,,
196,German,1,1,klug,smart,nett,nice,tschüss,bye,ist,"is, there is, 's",hallo,hello,,,
197,German,1,2,Milch,milk,lag,"lied, was lying, lay",groß,tall,Wein,wine,Mutter,mother,,,
198,German,1,3,a,"A, ≅ M",sehr,very,Brot,bread,ich,I,und,and,,,
199,German,1,4,Bier,beer,Maus,mouse,jung,young,du,you,vier,four,,,
200,German,1,5,ja,yes,Wasser,water,Tochter,daughter,Elefant,elephant,ie,ie,,,
201,German,1,6,Frau,"woman, wife, Ms.",Bruder,brother,die,"this, the, that",danke,thank you,meine,"mine, think, my",,,
202,German,1,7,bin,"am, will be, feel",nein,no,ach,oh,Vater,father,ein,"a, one, submit",,,
203,German,1,8,mein,my,Mann,"husband, man, guy",der,"this, to the, of the",Schwester,sister,Junge,boy,,,
204,German,1,9,Kaffee,coffee,eine,"an, a, one",oder,or,bist,"are, have been, were",bitte,please,,,
205,German,1,10,schön,beautiful,Sohn,son,Katze,cat,Tee,tea,Hund,dog,,,
206,German,1,11,klug,smart,nett,nice,tschüss,bye,ist,"is, there is, 's",hallo,hello,,,
207,German,1,12,Milch,milk,lag,"lied, was lying, lay",groß,tall,Wein,wine,Mutter,mother,,,
208,German,1,13,a,"A, ≅ M",sehr,very,Brot,bread,ich,I,und,and,,,
209,German,2,1,mit,with,Rechnung,check,natürlich,of course,gut,good,Entschuldigung,"sorry, excuse me, apologies",,,
210,German,2,2,heiß,hot,Kanada,Canada,ehe,"anyways, in any case, marriage",sah,"saw, looked, watched",prost,cheers,,,
211,German,2,3,wo,where,es geht,I'm all right,er,"it's, he's, him",bis bald,see you soon,Kellner,waiter,,,
212,German,2,4,Amerika,America,kalt,cold,bis später,see you later,Deutschland,Germany,Bär,bear,,,
213,German,2,5,zu,"with, for, too",Sandwich,sandwich,Restaurant,restaurant,Mineralwasser,mineral water,Essen,food,,,
214,German,2,6,super,"super, great, fantastic",Salat,salad,Pizza,pizza,das,"that, this, so",wunderbar,"wonderful, splendid, excellent",,,
215,German,2,7,Käse,cheese,Ei,egg,wie geht's,how are you?,es tut mir leid,I am sorry,Wurst,sausage,,,
216,German,2,8,auf Wiedersehen,goodbye,oh,"oh, aw",in,"in, with, inside",Schnitzel,"schnitzel, schnitzels",lecker,delicious,,,
217,German,2,9,Speisekarte,menu,woher,"where, from, where from",klein,small,Eule,owl,Salz,salt,,,
218,German,2,10,OK,OK,guten Tag,hello,hier,here,kommst,"come, are coming, are",Österreich,Austria,,,
219,German,2,11,mit,with,Rechnung,check,natürlich,of course,gut,good,Entschuldigung,"sorry, excuse me, apologies",,,
220,German,2,12,heiß,hot,Kanada,Canada,ehe,"anyways, in any case, marriage",sah,"saw, looked, watched",prost,cheers,,,
221,German,2,13,wo,where,es geht,I'm all right,er,"it's, he's, him",bis bald,see you soon,Kellner,waiter,,,
222,German,3,1,Freundin,"girlfriend, friend, friend's",Arzt,"doctor, physician",schwimme,"swim, am swimming, swimming",aus,"made of, out, off",schwimmst,"swim, are floating, float",,,
223,German,3,2,Frankreich,France,aufregend,"exciting, thrilling",kocht,"make, cooks, is cooking",Schach,chess,komme,"come, will come, am coming",,,
224,German,3,3,male,"paint, am painting, draw",Lehrer,"teacher, instructor, schoolteacher",manchmal,"sometimes, at times",malt,"is drawing, paints, draws",Lehrerin,"teacher, a teacher",,,
225,German,3,4,Professor,"professor, a professor",Wien,Vienna,Stadt,"city, town",teuer,"expensive, costly, dear",Schauspieler,actor,,,
226,German,3,5,deine,"your, yours",kochst,"are boiling, make, boil",Beruf,"profession, job, occupation",malst,"are painting, paint",Student,"college student, university student, student",,,
227,German,3,6,Arbeit,"work, piece of work, job",sie,she,cool,cool,dein,your,spielt,"is, are playing, is playing",,,
228,German,3,7,acht,eight,immer,always,interessant,interesting,Professorin,"professor, a professor",was,what,,,
229,German,3,8,Schauspielerin,"actress, actor",nie,never,aber,"but, however",oft,often,Studentin,"a student, college student, student",,,
230,German,3,9,Ärztin,"doctor, a doctor",au,"ow, oh, ouch",eh,"in any case, hey, anyway",schwimmt,"swim, is swimming, are floating",laut,"loud, noisy, loudly",,,
231,German,3,10,stressig,stressful,Kellnerin,"waitress, server",koche,"am making, make, will cook",auch,"also, as well, too",München,Munich,,,
232,German,3,11,Freundin,"girlfriend, friend, friend's",Arzt,"doctor, physician",schwimme,"swim, am swimming, swimming",aus,"made of, out, off",schwimmst,"swim, are floating, float",,,
233,German,3,12,Frankreich,France,aufregend,"exciting, thrilling",kocht,"make, cooks, is cooking",Schach,chess,komme,"come, will come, am coming",,,
234,German,3,13,male,"paint, am painting, draw",Lehrer,"teacher, instructor, schoolteacher",manchmal,"sometimes, at times",malt,"is drawing, paints, draws",Lehrerin,"teacher, a teacher",,,
235,German,4,1,Sie,"They, It, your",heißen,"hot, name, go",Bahnhof,"train station, railway station, rail station",Kirche,"church, kirk",elegant,elegant,,,
236,German,4,2,Kanzlerin,"chancellor, the chancellor, a chancellor",Bäckerei,"bakery, baker's",neu,new,weit weg,"far away, far",Bibliothek,library,,,
237,German,4,3,lebe,"live, am living",Universität,"university, uni, college",Apotheke,"pharmacy, drugstore, chemist",rechts,"on the right, right, the right",Markt,"market, marketplace",,,
238,German,4,4,Englisch,English,in der Nähe,"close, nearby, near",Deutsch,German,sind,"feel, have, are",Klavier,piano,,,
239,German,4,5,heiße,"hot, am called",Park,park,da drüben,over there,je,"for each, per, once",freut mich,"nice to meet you, nice",,,
240,German,4,6,Künstler,"an artist, artists', performer",links,"on the left, left, to the left",alt,old,Taxistand,taxi stand,wie,"as, such, like",,,
241,German,4,7,Geldautomat,"ATM, cash dispenser, cashpoint",Kino,"movie theater, cinema, movie theatre",spiele,"am playing, play, playing",kommen,"arrives, comes on, do come",lebst,"live, living",,,
242,German,4,8,kein,"any, no, not an",billig,"cheap, inexpensive",leben,"lived, living, are living",ha,ha,spielst,"are playing, playing, play",,,
243,German,4,9,spreche,"am talking, speak, pronounce",Herr,"Mr., gentleman",U-Bahnstation,subway station,Café,"coffee shop, cafe, coffeehouse",Supermarkt,"supermarket, grocery store",,,
244,German,4,10,Hotel,hotel,sprechen,"speak, are speaking",Polizist,"police officer, policeman, a police officer",Schüler,"students, pupil, student",Museum,museum,,,
245,German,4,11,Sie,"They, It, your",heißen,"hot, name, go",Bahnhof,"train station, railway station, rail station",Kirche,"church, kirk",elegant,elegant,,,
246,German,4,12,Kanzlerin,"chancellor, the chancellor, a chancellor",Bäckerei,"bakery, baker's",neu,new,weit weg,"far away, far",Bibliothek,library,,,
247,German,4,13,lebe,"live, am living",Universität,"university, uni, college",Apotheke,"pharmacy, drugstore, chemist",rechts,"on the right, right, the right",Markt,"market, marketplace",,,
248,German,5,1,Dollar,"dollar, dollars",sechs,six,neun,nine,Frühling,"spring, springtime",Döner,"doner kebab, kebab",,,
249,German,5,2,fünf,five,jetzt,"now, at the moment, currently",Schweden,Sweden,sonnig,sunny,Kartoffeln,potatoes,,,
250,German,5,3,null,zero,wandere,"am hiking, go hiking, hike",regnet,"rains, is raining",es,it,neblig,"foggy, misty",,,
251,German,5,4,drei,three,Euro,"euros, euro",zwei,two,wirklich,"really, actually, truly",vielen Dank,thank you very much,,,
252,German,5,5,windig,windy,gern geschehen,you are welcome,Kilo,"kilos of, kilo of, kilos",eins,one,kostet,"is, does cost, costs",,,
253,German,5,6,wanderst,"hiking, hike, go hiking",Regenschirm,umbrella,Erdbeeren,strawberries,von,"from, 's, on",Schal,"scarf, shawl",,,
254,German,5,7,im,"this, to the, in the",habt,"did, have, meet",wandern,"traveling, hiking, hike",sieben,seven,schlecht,"bad, ill, poor",,,
255,German,5,8,Wetter,weather,heute,today,Herbst,"fall, autumn",Marktplatz,"marketplace, market",Tomaten,tomatoes,,,
256,German,5,9,Anwältin,"lawyer, a lawyer",Russland,Russia,Orangen,oranges,Anwalt,"lawyer, barrister, solicitor",Wasserflasche,water bottle,,,
257,German,5,10,stark,"strong, hard, harder",bewölkt,cloudy,Winter,"winters, winter",zehn,ten,schneit,"is snowing, snows",,,
258,German,5,11,Dollar,"dollar, dollars",sechs,six,neun,nine,Frühling,"spring, springtime",Döner,"doner kebab, kebab",,,
259,German,5,12,fünf,five,jetzt,"now, at the moment, currently",Schweden,Sweden,sonnig,sunny,Kartoffeln,potatoes,,,
260,German,5,13,null,zero,wandere,"am hiking, go hiking, hike",regnet,"rains, is raining",es,it,neblig,"foggy, misty",,,
